index,partition
4276,0.8
3033,0.8
6033,0.8
1154,0.8
3701,0.8
7226,0.8
5600,0.8
872,0.8
2037,0.8
6292,0.8
211,0.8
6501,0.8
3390,0.8
5871,0.8
7048,0.8
4099,0.8
3261,0.8
2734,0.8
149,0.8
522,0.8
6361,0.8
3927,0.8
6271,0.8
7119,0.8
5192,0.8
7110,0.8
1688,0.8
3435,0.8
5372,0.8
5307,0.8
6836,0.8
1376,0.8
192,0.8
5439,0.8
990,0.8
4321,0.8
3251,0.8
1751,0.8
1519,0.8
1961,0.8
7175,0.8
5814,0.8
1898,0.8
1010,0.8
3681,0.8
2106,0.8
4780,0.8
2395,0.8
5213,0.8
48,0.8
3162,0.8
3785,0.8
2462,0.8
3873,0.8
7321,0.8
2859,0.8
7106,0.8
7300,0.8
1422,0.8
6835,0.8
3418,0.8
1903,0.8
906,0.8
1283,0.8
810,0.8
982,0.8
6641,0.8
6159,0.8
2940,0.8
702,0.8
2068,0.8
5578,0.8
2337,0.8
1616,0.8
1136,0.8
3684,0.8
6623,0.8
447,0.8
5915,0.8
6746,0.8
1641,0.8
4045,0.8
6676,0.8
3270,0.8
5451,0.8
1598,0.8
1838,0.8
5443,0.8
5789,0.8
3448,0.8
3396,0.8
5273,0.8
6617,0.8
1515,0.8
2073,0.8
413,0.8
1024,0.8
910,0.8
7329,0.8
7369,0.8
5879,0.8
985,0.8
1732,0.8
3064,0.8
5110,0.8
3634,0.8
4669,0.8
7025,0.8
2687,0.8
6995,0.8
4741,0.8
1897,0.8
2251,0.8
4678,0.8
1682,0.8
751,0.8
380,0.8
1754,0.8
4212,0.8
3721,0.8
6714,0.8
5838,0.8
4975,0.8
3720,0.8
5209,0.8
4252,0.8
3753,0.8
5543,0.8
1978,0.8
2328,0.8
3672,0.8
6334,0.8
4173,0.8
4672,0.8
4899,0.8
5482,0.8
7167,0.8
670,0.8
4910,0.8
4385,0.8
534,0.8
4445,0.8
21,0.8
722,0.8
4025,0.8
3711,0.8
5568,0.8
773,0.8
1165,0.8
4595,0.8
3746,0.8
3250,0.8
4976,0.8
1924,0.8
134,0.8
916,0.8
4905,0.8
2987,0.8
4141,0.8
5077,0.8
2144,0.8
1478,0.8
1151,0.8
6251,0.8
6123,0.8
2996,0.8
1044,0.8
3557,0.8
3288,0.8
4521,0.8
1261,0.8
1,0.8
2117,0.8
2618,0.8
1169,0.8
4280,0.8
7014,0.8
6890,0.8
3767,0.8
2926,0.8
1811,0.8
2047,0.8
5113,0.8
2919,0.8
4999,0.8
3951,0.8
7279,0.8
4636,0.8
617,0.8
3494,0.8
3307,0.8
6603,0.8
3348,0.8
1124,0.8
2784,0.8
7230,0.8
5363,0.8
5253,0.8
1999,0.8
4554,0.8
1013,0.8
3430,0.8
2711,0.8
2692,0.8
4188,0.8
668,0.8
245,0.8
3642,0.8
2329,0.8
2376,0.8
6976,0.8
4182,0.8
6898,0.8
3408,0.8
5969,0.8
1744,0.8
4370,0.8
2240,0.8
5212,0.8
3198,0.8
3572,0.8
7050,0.8
4248,0.8
397,0.8
7109,0.8
3037,0.8
5319,0.8
4542,0.8
3276,0.8
6966,0.8
865,0.8
3401,0.8
4482,0.8
175,0.8
4460,0.8
4848,0.8
741,0.8
5846,0.8
5190,0.8
936,0.8
1234,0.8
4342,0.8
5659,0.8
1156,0.8
5804,0.8
6981,0.8
4458,0.8
2869,0.8
468,0.8
5942,0.8
3152,0.8
5140,0.8
949,0.8
664,0.8
1995,0.8
5171,0.8
3886,0.8
1623,0.8
4340,0.8
7042,0.8
1708,0.8
516,0.8
3042,0.8
4786,0.8
6987,0.8
6801,0.8
1464,0.8
6751,0.8
5663,0.8
5695,0.8
1922,0.8
6850,0.8
5229,0.8
2938,0.8
3887,0.8
5269,0.8
3030,0.8
4330,0.8
1219,0.8
552,0.8
799,0.8
7335,0.8
786,0.8
3761,0.8
2220,0.8
1723,0.8
2638,0.8
4191,0.8
5195,0.8
3563,0.8
2040,0.8
6285,0.8
7041,0.8
341,0.8
2998,0.8
7200,0.8
927,0.8
5341,0.8
5172,0.8
3658,0.8
6867,0.8
2503,0.8
338,0.8
6365,0.8
5812,0.8
3569,0.8
224,0.8
4681,0.8
6520,0.8
4383,0.8
7271,0.8
6954,0.8
6024,0.8
3206,0.8
7361,0.8
1195,0.8
1599,0.8
978,0.8
7383,0.8
3829,0.8
7341,0.8
4137,0.8
4266,0.8
7189,0.8
1552,0.8
2472,0.8
939,0.8
3425,0.8
2911,0.8
354,0.8
3747,0.8
3680,0.8
4310,0.8
698,0.8
4881,0.8
3939,0.8
7131,0.8
5067,0.8
4538,0.8
1199,0.8
384,0.8
3944,0.8
4776,0.8
6592,0.8
2982,0.8
7145,0.8
373,0.8
895,0.8
6700,0.8
2401,0.8
4250,0.8
2813,0.8
5310,0.8
4551,0.8
2992,0.8
114,0.8
6593,0.8
1211,0.8
4933,0.8
6240,0.8
3744,0.8
3397,0.8
4523,0.8
696,0.8
4617,0.8
6925,0.8
2885,0.8
3776,0.8
4962,0.8
3039,0.8
642,0.8
5256,0.8
6069,0.8
4476,0.8
6424,0.8
891,0.8
1728,0.8
5632,0.8
3948,0.8
1411,0.8
383,0.8
4274,0.8
6796,0.8
3154,0.8
1231,0.8
5916,0.8
2404,0.8
2931,0.8
2410,0.8
1121,0.8
2949,0.8
437,0.8
4803,0.8
5075,0.8
7039,0.8
1332,0.8
2585,0.8
720,0.8
1777,0.8
1770,0.8
1993,0.8
3166,0.8
6726,0.8
4364,0.8
5813,0.8
5944,0.8
6037,0.8
2990,0.8
2523,0.8
7107,0.8
5913,0.8
3590,0.8
3057,0.8
3796,0.8
4285,0.8
1417,0.8
5540,0.8
883,0.8
3616,0.8
574,0.8
2129,0.8
4661,0.8
1172,0.8
6237,0.8
5821,0.8
2681,0.8
652,0.8
4407,0.8
6901,0.8
5678,0.8
3967,0.8
2247,0.8
2490,0.8
223,0.8
3108,0.8
7225,0.8
6967,0.8
6895,0.8
5864,0.8
4228,0.8
5827,0.8
1529,0.8
5360,0.8
4921,0.8
7013,0.8
6893,0.8
1778,0.8
4377,0.8
3603,0.8
2288,0.8
1381,0.8
4386,0.8
3093,0.8
2215,0.8
763,0.8
3049,0.8
6190,0.8
4873,0.8
7183,0.8
1799,0.8
2173,0.8
2945,0.8
4863,0.8
4007,0.8
1546,0.8
58,0.8
2895,0.8
3286,0.8
7292,0.8
2206,0.8
6430,0.8
4391,0.8
821,0.8
1960,0.8
7407,0.8
7053,0.8
3597,0.8
6888,0.8
1780,0.8
5802,0.8
6090,0.8
4088,0.8
3215,0.8
6152,0.8
1330,0.8
4770,0.8
3363,0.8
4670,0.8
6019,0.8
3953,0.8
462,0.8
4231,0.8
1793,0.8
4967,0.8
4466,0.8
5833,0.8
7221,0.8
4411,0.8
5496,0.8
4282,0.8
5012,0.8
1876,0.8
5461,0.8
5357,0.8
1425,0.8
6153,0.8
2320,0.8
843,0.8
4092,0.8
6794,0.8
2121,0.8
193,0.8
1257,0.8
6689,0.8
3005,0.8
7111,0.8
1285,0.8
4151,0.8
1771,0.8
1872,0.8
6774,0.8
4784,0.8
4316,0.8
6764,0.8
1727,0.8
3452,0.8
1469,0.8
7297,0.8
2349,0.8
4746,0.8
4265,0.8
676,0.8
2842,0.8
3225,0.8
2621,0.8
6353,0.8
3344,0.8
6770,0.8
4315,0.8
5835,0.8
4934,0.8
2770,0.8
6671,0.8
5059,0.8
3372,0.8
1176,0.8
3087,0.8
4888,0.8
6136,0.8
5986,0.8
3962,0.8
7391,0.8
1463,0.8
2793,0.8
1336,0.8
215,0.8
5607,0.8
2896,0.8
1290,0.8
4755,0.8
2748,0.8
64,0.8
7012,0.8
5299,0.8
6583,0.8
6416,0.8
442,0.8
2075,0.8
2414,0.8
1634,0.8
1890,0.8
5902,0.8
2533,0.8
1502,0.8
7102,0.8
6129,0.8
5973,0.8
4273,0.8
1576,0.8
833,0.8
5124,0.8
3863,0.8
1571,0.8
6581,0.8
6929,0.8
3148,0.8
836,0.8
4117,0.8
4052,0.8
4178,0.8
129,0.8
2631,0.8
3379,0.8
1096,0.8
1957,0.8
2794,0.8
956,0.8
1853,0.8
4902,0.8
6868,0.8
1590,0.8
5943,0.8
3269,0.8
5049,0.8
6436,0.8
4828,0.8
1896,0.8
5635,0.8
1983,0.8
4953,0.8
3482,0.8
1512,0.8
1039,0.8
2835,0.8
5054,0.8
56,0.8
2921,0.8
6478,0.8
4549,0.8
6200,0.8
3040,0.8
797,0.8
1391,0.8
7065,0.8
4486,0.8
278,0.8
243,0.8
277,0.8
7238,0.8
4467,0.8
6278,0.8
6042,0.8
1001,0.8
7260,0.8
4874,0.8
2525,0.8
7356,0.8
6854,0.8
2493,0.8
973,0.8
70,0.8
5554,0.8
2685,0.8
1992,0.8
7017,0.8
3462,0.8
2520,0.8
7362,0.8
3591,0.8
1031,0.8
7281,0.8
5464,0.8
476,0.8
6870,0.8
3505,0.8
1738,0.8
1343,0.8
4767,0.8
2935,0.8
7193,0.8
2091,0.8
5378,0.8
1159,0.8
2272,0.8
3906,0.8
918,0.8
7120,0.8
1177,0.8
5569,0.8
5200,0.8
2438,0.8
2570,0.8
1041,0.8
4159,0.8
7394,0.8
3854,0.8
1313,0.8
202,0.8
6630,0.8
1486,0.8
6389,0.8
5866,0.8
859,0.8
2759,0.8
5499,0.8
1188,0.8
5633,0.8
4980,0.8
5483,0.8
3010,0.8
5984,0.8
7151,0.8
5157,0.8
5895,0.8
6636,0.8
4435,0.8
7252,0.8
7026,0.8
1116,0.8
6568,0.8
1027,0.8
3338,0.8
4897,0.8
299,0.8
3391,0.8
7274,0.8
4501,0.8
639,0.8
1925,0.8
2569,0.8
3436,0.8
4754,0.8
389,0.8
6545,0.8
1729,0.8
7310,0.8
3032,0.8
2391,0.8
3996,0.8
4362,0.8
3998,0.8
4425,0.8
4336,0.8
2043,0.8
5202,0.8
1537,0.8
6158,0.8
2506,0.8
7029,0.8
5039,0.8
2077,0.8
390,0.8
5135,0.8
4132,0.8
5438,0.8
2725,0.8
4400,0.8
6616,0.8
291,0.8
4016,0.8
6163,0.8
96,0.8
2386,0.8
3997,0.8
3255,0.8
7072,0.8
5240,0.8
6211,0.8
4756,0.8
6247,0.8
377,0.8
5592,0.8
6675,0.8
4506,0.8
4854,0.8
1157,0.8
385,0.8
3932,0.8
5501,0.8
1350,0.8
5619,0.8
4219,0.8
6146,0.8
4819,0.8
3912,0.8
553,0.8
2714,0.8
191,0.8
1892,0.8
3024,0.8
5095,0.8
4163,0.8
6016,0.8
1767,0.8
1841,0.8
2807,0.8
4324,0.8
6397,0.8
2634,0.8
7035,0.8
6822,0.8
3241,0.8
3501,0.8
3714,0.8
7058,0.8
4760,0.8
4039,0.8
6523,0.8
1721,0.8
1611,0.8
6778,0.8
1880,0.8
1676,0.8
3509,0.8
5214,0.8
1578,0.8
3773,0.8
6935,0.8
6108,0.8
3538,0.8
3423,0.8
4835,0.8
3546,0.8
4972,0.8
3107,0.8
2459,0.8
5604,0.8
5791,0.8
3629,0.8
4410,0.8
5551,0.8
7068,0.8
184,0.8
328,0.8
3044,0.8
3987,0.8
4297,0.8
942,0.8
1958,0.8
324,0.8
1152,0.8
370,0.8
5051,0.8
1103,0.8
2454,0.8
1698,0.8
4847,0.8
2684,0.8
5505,0.8
5463,0.8
3374,0.8
5118,0.8
1619,0.8
2039,0.8
1934,0.8
1657,0.8
5119,0.8
6891,0.8
5316,0.8
4111,0.8
4886,0.8
7357,0.8
3410,0.8
5178,0.8
6913,0.8
3583,0.8
511,0.8
6574,0.8
5856,0.8
2397,0.8
305,0.8
2072,0.8
6196,0.8
6221,0.8
2936,0.8
6903,0.8
6572,0.8
2733,0.8
3016,0.8
1364,0.8
4452,0.8
4328,0.8
5327,0.8
6119,0.8
3695,0.8
4590,0.8
1962,0.8
3605,0.8
4493,0.8
5819,0.8
1123,0.8
654,0.8
1803,0.8
6715,0.8
873,0.8
1202,0.8
761,0.8
943,0.8
3841,0.8
6377,0.8
7181,0.8
3780,0.8
881,0.8
5237,0.8
4865,0.8
2030,0.8
4692,0.8
3567,0.8
3628,0.8
6992,0.8
1521,0.8
146,0.8
7336,0.8
5860,0.8
7113,0.8
5616,0.8
428,0.8
5947,0.8
472,0.8
3880,0.8
2385,0.8
4334,0.8
3326,0.8
2944,0.8
6370,0.8
6109,0.8
499,0.8
1891,0.8
213,0.8
2677,0.8
6951,0.8
5197,0.8
5797,0.8
2660,0.8
122,0.8
463,0.8
5869,0.8
331,0.8
2881,0.8
1601,0.8
5257,0.8
6396,0.8
3142,0.8
5644,0.8
1730,0.8
20,0.8
1236,0.8
4861,0.8
3945,0.8
5298,0.8
4094,0.8
4382,0.8
4200,0.8
5614,0.8
3018,0.8
1475,0.8
2814,0.8
1988,0.8
1288,0.8
4699,0.8
1804,0.8
5016,0.8
2114,0.8
7140,0.8
5132,0.8
1440,0.8
6857,0.8
1066,0.8
1821,0.8
2820,0.8
1562,0.8
933,0.8
2104,0.8
4304,0.8
6937,0.8
5489,0.8
2079,0.8
445,0.8
2676,0.8
3830,0.8
135,0.8
1405,0.8
5334,0.8
3109,0.8
749,0.8
2308,0.8
5532,0.8
3164,0.8
4909,0.8
5345,0.8
4238,0.8
1040,0.8
6587,0.8
5127,0.8
5142,0.8
4289,0.8
403,0.8
5868,0.8
3892,0.8
1818,0.8
3375,0.8
7036,0.8
6705,0.8
2788,0.8
63,0.8
120,0.8
7236,0.8
5076,0.8
1268,0.8
6605,0.8
1114,0.8
2916,0.8
1134,0.8
938,0.8
97,0.8
3293,0.8
6149,0.8
3522,0.8
6448,0.8
3466,0.8
5460,0.8
2301,0.8
3472,0.8
3604,0.8
4017,0.8
946,0.8
6174,0.8
6810,0.8
6257,0.8
3072,0.8
6490,0.8
3184,0.8
2466,0.8
2633,0.8
6394,0.8
6924,0.8
1602,0.8
7371,0.8
1914,0.8
1291,0.8
1812,0.8
3848,0.8
1711,0.8
4218,0.8
6763,0.8
4449,0.8
7199,0.8
3279,0.8
6456,0.8
6166,0.8
6730,0.8
1748,0.8
5131,0.8
103,0.8
1832,0.8
1494,0.8
5515,0.8
1496,0.8
3289,0.8
6138,0.8
260,0.8
7074,0.8
290,0.8
7204,0.8
7367,0.8
2069,0.8
5575,0.8
5541,0.8
6105,0.8
1387,0.8
3928,0.8
4733,0.8
1119,0.8
1690,0.8
4503,0.8
622,0.8
4057,0.8
92,0.8
3708,0.8
4418,0.8
3473,0.8
5887,0.8
6068,0.8
5872,0.8
1648,0.8
5593,0.8
5849,0.8
7044,0.8
4740,0.8
1731,0.8
3135,0.8
4323,0.8
3940,0.8
556,0.8
1224,0.8
7108,0.8
974,0.8
5486,0.8
3665,0.8
714,0.8
2505,0.8
4785,0.8
1365,0.8
1592,0.8
4533,0.8
6521,0.8
4053,0.8
3834,0.8
6915,0.8
2783,0.8
1935,0.8
5193,0.8
164,0.8
2627,0.8
1859,0.8
4995,0.8
6804,0.8
6662,0.8
1160,0.8
1982,0.8
3713,0.8
1205,0.8
1877,0.8
4291,0.8
6824,0.8
4750,0.8
6808,0.8
421,0.8
3978,0.8
4946,0.8
284,0.8
621,0.8
4612,0.8
528,0.8
1014,0.8
1679,0.8
2498,0.8
5630,0.8
5181,0.8
6243,0.8
6185,0.8
2573,0.8
1279,0.8
2389,0.8
7144,0.8
4960,0.8
1178,0.8
531,0.8
5574,0.8
5149,0.8
1048,0.8
5599,0.8
6896,0.8
3855,0.8
3540,0.8
2584,0.8
1471,0.8
5108,0.8
6160,0.8
2256,0.8
7364,0.8
1569,0.8
4394,0.8
6871,0.8
729,0.8
1233,0.8
7327,0.8
4668,0.8
636,0.8
7040,0.8
4492,0.8
1847,0.8
3868,0.8
1259,0.8
1783,0.8
4194,0.8
3034,0.8
482,0.8
292,0.8
2913,0.8
3579,0.8
934,0.8
3469,0.8
4510,0.8
2764,0.8
2993,0.8
2062,0.8
5351,0.8
4535,0.8
4581,0.8
6083,0.8
596,0.8
6539,0.8
4531,0.8
65,0.8
4498,0.8
2531,0.8
6255,0.8
5589,0.8
4743,0.8
1531,0.8
6355,0.8
4915,0.8
455,0.8
899,0.8
4588,0.8
471,0.8
6156,0.8
2174,0.8
6298,0.8
6132,0.8
2217,0.8
4568,0.8
7118,0.8
6601,0.8
6338,0.8
1807,0.8
2579,0.8
5125,0.8
1543,0.8
6043,0.8
5374,0.8
5588,0.8
5011,0.8
5064,0.8
3124,0.8
6121,0.8
5317,0.8
586,0.8
4968,0.8
6398,0.8
1541,0.8
6986,0.8
898,0.8
6359,0.8
5158,0.8
4105,0.8
6231,0.8
1064,0.8
2840,0.8
6107,0.8
261,0.8
2388,0.8
3351,0.8
4320,0.8
4002,0.8
6295,0.8
4322,0.8
3620,0.8
1933,0.8
5535,0.8
2910,0.8
5414,0.8
4679,0.8
5649,0.8
627,0.8
185,0.8
4371,0.8
1155,0.8
1630,0.8
381,0.8
4241,0.8
3947,0.8
3249,0.8
119,0.8
334,0.8
3484,0.8
3893,0.8
7359,0.8
2373,0.8
3369,0.8
5008,0.8
6118,0.8
5664,0.8
7198,0.8
2513,0.8
7385,0.8
3406,0.8
5194,0.8
1990,0.8
1528,0.8
7159,0.8
4782,0.8
3774,0.8
6239,0.8
2946,0.8
3105,0.8
598,0.8
1749,0.8
1484,0.8
6709,0.8
1801,0.8
7077,0.8
6093,0.8
7375,0.8
2487,0.8
5523,0.8
4870,0.8
6631,0.8
5060,0.8
333,0.8
2713,0.8
1826,0.8
5398,0.8
5090,0.8
1689,0.8
1989,0.8
2790,0.8
5650,0.8
5850,0.8
4457,0.8
1849,0.8
6610,0.8
325,0.8
6025,0.8
3718,0.8
3643,0.8
2344,0.8
7345,0.8
2377,0.8
6936,0.8
1567,0.8
1369,0.8
6101,0.8
874,0.8
3901,0.8
1372,0.8
3942,0.8
2122,0.8
4223,0.8
743,0.8
6899,0.8
6940,0.8
2514,0.8
3607,0.8
6964,0.8
5587,0.8
4183,0.8
852,0.8
1820,0.8
268,0.8
4284,0.8
1267,0.8
6154,0.8
2709,0.8
2119,0.8
5255,0.8
6235,0.8
6233,0.8
917,0.8
5495,0.8
2586,0.8
4734,0.8
4569,0.8
4240,0.8
3659,0.8
2521,0.8
2656,0.8
4528,0.8
6733,0.8
3856,0.8
551,0.8
5579,0.8
3014,0.8
6787,0.8
3864,0.8
1633,0.8
2632,0.8
4891,0.8
5863,0.8
1927,0.8
2451,0.8
2909,0.8
6256,0.8
5185,0.8
2112,0.8
2979,0.8
1368,0.8
5586,0.8
6840,0.8
971,0.8
4479,0.8
4294,0.8
207,0.8
2155,0.8
2741,0.8
1378,0.8
3329,0.8
1382,0.8
1229,0.8
6214,0.8
1991,0.8
7163,0.8
3664,0.8
117,0.8
1613,0.8
5437,0.8
2276,0.8
2860,0.8
2094,0.8
1645,0.8
1473,0.8
7253,0.8
2616,0.8
3654,0.8
2057,0.8
2614,0.8
1126,0.8
825,0.8
1950,0.8
4511,0.8
6532,0.8
3685,0.8
6172,0.8
6141,0.8
902,0.8
3447,0.8
7227,0.8
2479,0.8
6290,0.8
988,0.8
623,0.8
1477,0.8
7150,0.8
7027,0.8
605,0.8
6209,0.8
6495,0.8
5457,0.8
5391,0.8
4203,0.8
139,0.8
1344,0.8
206,0.8
4101,0.8
5475,0.8
663,0.8
6246,0.8
2997,0.8
2844,0.8
5364,0.8
6005,0.8
2224,0.8
2052,0.8
1353,0.8
405,0.8
3441,0.8
6894,0.8
6838,0.8
1901,0.8
1745,0.8
4778,0.8
7099,0.8
1346,0.8
6862,0.8
376,0.8
4072,0.8
6382,0.8
984,0.8
7202,0.8
7138,0.8
7259,0.8
2899,0.8
5938,0.8
6115,0.8
6120,0.8
892,0.8
1622,0.8
4981,0.8
4586,0.8
5963,0.8
1809,0.8
4474,0.8
4436,0.8
5661,0.8
5610,0.8
295,0.8
5274,0.8
4171,0.8
7243,0.8
3891,0.8
7185,0.8
6098,0.8
7323,0.8
5083,0.8
2581,0.8
6194,0.8
3101,0.8
2980,0.8
2467,0.8
2456,0.8
5900,0.8
7002,0.8
7136,0.8
4727,0.8
5626,0.8
4675,0.8
5017,0.8
4522,0.8
649,0.8
3081,0.8
6883,0.8
5251,0.8
5640,0.8
3865,0.8
2920,0.8
4914,0.8
5932,0.8
1640,0.8
635,0.8
5126,0.8
7091,0.8
2471,0.8
3957,0.8
2580,0.8
3407,0.8
293,0.8
5639,0.8
1318,0.8
2724,0.8
1555,0.8
1928,0.8
1053,0.8
7206,0.8
1379,0.8
4509,0.8
1879,0.8
3822,0.8
6878,0.8
958,0.8
1272,0.8
4337,0.8
3895,0.8
1967,0.8
6023,0.8
1779,0.8
1418,0.8
3666,0.8
3999,0.8
6612,0.8
3937,0.8
45,0.8
5381,0.8
4543,0.8
7393,0.8
7129,0.8
3339,0.8
1380,0.8
1628,0.8
3824,0.8
6245,0.8
5050,0.8
6218,0.8
1582,0.8
4717,0.8
924,0.8
6540,0.8
7370,0.8
4312,0.8
5053,0.8
6395,0.8
1926,0.8
1665,0.8
3816,0.8
7334,0.8
7295,0.8
1895,0.8
2636,0.8
4004,0.8
7247,0.8
367,0.8
1575,0.8
3872,0.8
6481,0.8
5368,0.8
5987,0.8
2345,0.8
1786,0.8
6412,0.8
3832,0.8
3240,0.8
1671,0.8
7220,0.8
3382,0.8
5898,0.8
7209,0.8
1093,0.8
2532,0.8
2310,0.8
1266,0.8
5919,0.8
1524,0.8
7052,0.8
5179,0.8
4818,0.8
4301,0.8
3748,0.8
4489,0.8
966,0.8
6392,0.8
2507,0.8
5037,0.8
4514,0.8
7277,0.8
5356,0.8
4272,0.8
554,0.8
6580,0.8
4575,0.8
6880,0.8
1530,0.8
3431,0.8
1226,0.8
3115,0.8
283,0.8
2801,0.8
3594,0.8
1816,0.8
2608,0.8
3182,0.8
378,0.8
1198,0.8
4490,0.8
3403,0.8
3025,0.8
2933,0.8
6198,0.8
5152,0.8
2270,0.8
7064,0.8
2781,0.8
4752,0.8
7019,0.8
1706,0.8
1753,0.8
4296,0.8
7178,0.8
3929,0.8
1479,0.8
446,0.8
1686,0.8
1289,0.8
4393,0.8
2765,0.8
533,0.8
1113,0.8
3705,0.8
5238,0.8
7001,0.8
1397,0.8
1354,0.8
1317,0.8
5673,0.8
890,0.8
1986,0.8
2595,0.8
5216,0.8
3094,0.8
1315,0.8
7241,0.8
4537,0.8
2699,0.8
2331,0.8
368,0.8
4000,0.8
342,0.8
3350,0.8
1668,0.8
526,0.8
600,0.8
6949,0.8
2868,0.8
3312,0.8
6865,0.8
301,0.8
142,0.8
747,0.8
3097,0.8
6447,0.8
5558,0.8
475,0.8
1834,0.8
326,0.8
2100,0.8
3679,0.8
7061,0.8
2728,0.8
5301,0.8
3894,0.8
929,0.8
1916,0.8
5467,0.8
909,0.8
1644,0.8
779,0.8
5967,0.8
945,0.8
1882,0.8
4319,0.8
6975,0.8
7104,0.8
1250,0.8
4609,0.8
2020,0.8
7374,0.8
2230,0.8
2851,0.8
1359,0.8
2049,0.8
5923,0.8
6832,0.8
6167,0.8
232,0.8
4314,0.8
7125,0.8
3210,0.8
2698,0.8
1791,0.8
671,0.8
4600,0.8
6148,0.8
1534,0.8
3412,0.8
6684,0.8
4450,0.8
4478,0.8
1002,0.8
2609,0.8
5402,0.8
5432,0.8
782,0.8
6797,0.8
94,0.8
5545,0.8
5785,0.8
4587,0.8
66,0.8
386,0.8
6348,0.8
7180,0.8
7313,0.8
356,0.8
1949,0.8
6922,0.8
2413,0.8
4525,0.8
6829,0.8
1614,0.8
1520,0.8
4578,0.8
3488,0.8
674,0.8
1591,0.8
3798,0.8
4338,0.8
3359,0.8
870,0.8
1297,0.8
6483,0.8
2587,0.8
6349,0.8
162,0.8
5876,0.8
1137,0.8
6950,0.8
4507,0.8
5388,0.8
4369,0.8
6372,0.8
4853,0.8
76,0.8
1145,0.8
6250,0.8
3380,0.8
6818,0.8
5638,0.8
6067,0.8
7101,0.8
5832,0.8
43,0.8
1392,0.8
2286,0.8
13,0.8
2804,0.8
1733,0.8
3770,0.8
3660,0.8
5231,0.8
2880,0.8
5926,0.8
2060,0.8
4031,0.8
3637,0.8
5995,0.8
2943,0.8
1316,0.8
5104,0.8
3808,0.8
2424,0.8
1763,0.8
3298,0.8
7117,0.8
4419,0.8
1631,0.8
138,0.8
3669,0.8
5098,0.8
4591,0.8
3724,0.8
2321,0.8
5498,0.8
4469,0.8
4534,0.8
6721,0.8
7224,0.8
6728,0.8
871,0.8
6302,0.8
3229,0.8
6342,0.8
6626,0.8
236,0.8
4851,0.8
4431,0.8
7016,0.8
5691,0.8
6910,0.8
1098,0.8
3487,0.8
1201,0.8
3726,0.8
868,0.8
5359,0.8
6178,0.8
3444,0.8
5687,0.8
5369,0.8
5114,0.8
496,0.8
7176,0.8
813,0.8
3068,0.8
2477,0.8
2612,0.8
3246,0.8
3343,0.8
1904,0.8
514,0.8
5605,0.8
4577,0.8
5667,0.8
518,0.8
7192,0.8
5155,0.8
4948,0.8
6682,0.8
3449,0.8
1404,0.8
3738,0.8
987,0.8
2516,0.8
1304,0.8
6378,0.8
3782,0.8
6998,0.8
3364,0.8
2300,0.8
4536,0.8
6286,0.8
519,0.8
3598,0.8
3877,0.8
3045,0.8
2984,0.8
5417,0.8
3455,0.8
4461,0.8
5055,0.8
1700,0.8
2839,0.8
248,0.8
1615,0.8
5201,0.8
6795,0.8
5208,0.8
4937,0.8
538,0.8
3876,0.8
1697,0.8
6816,0.8
1141,0.8
6823,0.8
4949,0.8
6486,0.8
6464,0.8
2481,0.8
6884,0.8
6942,0.8
2190,0.8
6254,0.8
6066,0.8
6635,0.8
6897,0.8
6528,0.8
1005,0.8
4020,0.8
2769,0.8
2611,0.8
6889,0.8
3550,0.8
2108,0.8
4526,0.8
91,0.8
6849,0.8
2182,0.8
4198,0.8
1769,0.8
6725,0.8
1467,0.8
5462,0.8
5187,0.8
4903,0.8
955,0.8
1830,0.8
3548,0.8
3615,0.8
5629,0.8
3760,0.8
3231,0.8
1395,0.8
7051,0.8
3106,0.8
4671,0.8
893,0.8
6360,0.8
155,0.8
2922,0.8
7384,0.8
23,0.8
2334,0.8
5217,0.8
4181,0.8
2296,0.8
954,0.8
4907,0.8
5247,0.8
1514,0.8
4204,0.8
3884,0.8
2260,0.8
2464,0.8
4571,0.8
5058,0.8
3878,0.8
6534,0.8
473,0.8
4344,0.8
152,0.8
2615,0.8
4938,0.8
6827,0.8
3090,0.8
2262,0.8
904,0.8
5520,0.8
4596,0.8
1419,0.8
6084,0.8
7248,0.8
7352,0.8
6195,0.8
1965,0.8
5563,0.8
3601,0.8
4926,0.8
423,0.8
3485,0.8
2125,0.8
2528,0.8
5899,0.8
6345,0.8
4172,0.8
3549,0.8
5841,0.8
3277,0.8
1549,0.8
3943,0.8
2719,0.8
365,0.8
3986,0.8
4438,0.8
6267,0.8
6076,0.8
3757,0.8
4471,0.8
1019,0.8
5236,0.8
2504,0.8
3475,0.8
415,0.8
6404,0.8
5925,0.8
1959,0.8
3432,0.8
3752,0.8
2912,0.8
1130,0.8
7267,0.8
7257,0.8
3990,0.8
5445,0.8
2914,0.8
2003,0.8
6848,0.8
6266,0.8
4787,0.8
4416,0.8
4777,0.8
6364,0.8
3571,0.8
6270,0.8
1823,0.8
3383,0.8
2593,0.8
3969,0.8
6215,0.8
6206,0.8
1428,0.8
7062,0.8
1383,0.8
7240,0.8
4402,0.8
6978,0.8
5375,0.8
4444,0.8
4139,0.8
6990,0.8
5888,0.8
3355,0.8
1037,0.8
4765,0.8
1789,0.8
4775,0.8
6284,0.8
5656,0.8
1401,0.8
5516,0.8
2852,0.8
1585,0.8
3826,0.8
3079,0.8
4641,0.8
947,0.8
6946,0.8
6713,0.8
5380,0.8
784,0.8
5165,0.8
4376,0.8
4943,0.8
6384,0.8
3026,0.8
3902,0.8
5518,0.8
2185,0.8
7126,0.8
72,0.8
3984,0.8
4014,0.8
62,0.8
3054,0.8
6401,0.8
6208,0.8
6977,0.8
3553,0.8
5450,0.8
3609,0.8
154,0.8
6223,0.8
4739,0.8
5528,0.8
6034,0.8
1643,0.8
7081,0.8
3919,0.8
5583,0.8
4880,0.8
1666,0.8
4222,0.8
319,0.8
4184,0.8
2897,0.8
6030,0.8
4390,0.8
4433,0.8
1539,0.8
2717,0.8
4656,0.8
1683,0.8
4243,0.8
5792,0.8
6877,0.8
565,0.8
5803,0.8
1366,0.8
1663,0.8
4911,0.8
5306,0.8
3622,0.8
1139,0.8
7360,0.8
3156,0.8
3253,0.8
6175,0.8
5825,0.8
3970,0.8
6274,0.8
3174,0.8
7228,0.8
6708,0.8
6959,0.8
4513,0.8
329,0.8
3541,0.8
7350,0.8
7043,0.8
4331,0.8
1140,0.8
6147,0.8
5339,0.8
5424,0.8
597,0.8
610,0.8
1206,0.8
4869,0.8
6669,0.8
4374,0.8
3190,0.8
5668,0.8
2630,0.8
6291,0.8
6768,0.8
5855,0.8
665,0.8
6102,0.8
4333,0.8
2081,0.8
6276,0.8
2577,0.8
2312,0.8
4890,0.8
2999,0.8
5845,0.8
3624,0.8
4192,0.8
5242,0.8
7137,0.8
2197,0.8
3960,0.8
4006,0.8
1135,0.8
6690,0.8
102,0.8
3392,0.8
4229,0.8
2002,0.8
2086,0.8
5143,0.8
6692,0.8
6703,0.8
5961,0.8
2718,0.8
650,0.8
4214,0.8
7142,0.8
5337,0.8
158,0.8
4956,0.8
1607,0.8
3534,0.8
4832,0.8
1144,0.8
1043,0.8
4696,0.8
2058,0.8
3426,0.8
915,0.8
2445,0.8
4836,0.8
4361,0.8
3486,0.8
1971,0.8
2791,0.8
1869,0.8
4102,0.8
2080,0.8
257,0.8
6029,0.8
913,0.8
2566,0.8
1656,0.8
3332,0.8
6032,0.8
6001,0.8
253,0.8
6627,0.8
147,0.8
1390,0.8
1662,0.8
1087,0.8
1642,0.8
719,0.8
3031,0.8
1062,0.8
5538,0.8
4281,0.8
6619,0.8
366,0.8
4883,0.8
2637,0.8
2151,0.8
6775,0.8
3479,0.8
6234,0.8
6759,0.8
2723,0.8
4908,0.8
1907,0.8
234,0.8
3707,0.8
4249,0.8
1470,0.8
1564,0.8
4347,0.8
5254,0.8
6994,0.8
5324,0.8
220,0.8
2606,0.8
4108,0.8
3053,0.8
1848,0.8
2701,0.8
2534,0.8
3526,0.8
4936,0.8
4616,0.8
2597,0.8
1294,0.8
3905,0.8
303,0.8
4855,0.8
4358,0.8
4387,0.8
3690,0.8
4308,0.8
3730,0.8
2529,0.8
2274,0.8
6679,0.8
1239,0.8
2512,0.8
7289,0.8
5946,0.8
7256,0.8
7215,0.8
4456,0.8
186,0.8
2302,0.8
6933,0.8
3640,0.8
4963,0.8
6643,0.8
3150,0.8
1972,0.8
4763,0.8
3088,0.8
2169,0.8
7232,0.8
5865,0.8
5189,0.8
3818,0.8
3168,0.8
1694,0.8
1600,0.8
3354,0.8
7056,0.8
4904,0.8
5580,0.8
2314,0.8
7156,0.8
5840,0.8
1535,0.8
7034,0.8
467,0.8
407,0.8
6188,0.8
7233,0.8
3733,0.8
5561,0.8
2098,0.8
3438,0.8
6904,0.8
673,0.8
5294,0.8
2890,0.8
501,0.8
188,0.8
115,0.8
1693,0.8
5150,0.8
1737,0.8
4056,0.8
6856,0.8
5088,0.8
1433,0.8
1339,0.8
1356,0.8
5950,0.8
2290,0.8
5677,0.8
3294,0.8
2330,0.8
745,0.8
4372,0.8
3301,0.8
5347,0.8
300,0.8
6009,0.8
1258,0.8
6773,0.8
7141,0.8
6649,0.8
2408,0.8
3667,0.8
769,0.8
7326,0.8
4244,0.8
340,0.8
3578,0.8
1532,0.8
3581,0.8
2316,0.8
6007,0.8
7254,0.8
4502,0.8
2703,0.8
2858,0.8
5536,0.8
2803,0.8
6678,0.8
4174,0.8
962,0.8
6834,0.8
4292,0.8
2572,0.8
6230,0.8
6766,0.8
508,0.8
4799,0.8
5858,0.8
3959,0.8
3715,0.8
6624,0.8
101,0.8
7166,0.8
591,0.8
4738,0.8
6180,0.8
272,0.8
6022,0.8
4882,0.8
2483,0.8
977,0.8
1547,0.8
6664,0.8
2486,0.8
4329,0.8
3144,0.8
5893,0.8
4367,0.8
3511,0.8
6694,0.8
5102,0.8
2111,0.8
5530,0.8
2879,0.8
7208,0.8
1505,0.8
1342,0.8
3966,0.8
6366,0.8
2393,0.8
3845,0.8
4893,0.8
1472,0.8
6260,0.8
3308,0.8
6091,0.8
6013,0.8
438,0.8
246,0.8
3233,0.8
6861,0.8
2463,0.8
6666,0.8
6814,0.8
6748,0.8
7066,0.8
3358,0.8
4477,0.8
2074,0.8
7124,0.8
6039,0.8
1175,0.8
7210,0.8
1750,0.8
7022,0.8
6938,0.8
83,0.8
216,0.8
5576,0.8
6303,0.8
5099,0.8
1757,0.8
4494,0.8
3186,0.8
5082,0.8
6435,0.8
7343,0.8
2420,0.8
7344,0.8
263,0.8
6707,0.8
6162,0.8
86,0.8
1208,0.8
1153,0.8
4829,0.8
7338,0.8
6003,0.8
5623,0.8
271,0.8
4872,0.8
1196,0.8
3806,0.8
6367,0.8
5358,0.8
3196,0.8
6104,0.8
6204,0.8
4278,0.8
4715,0.8
2985,0.8
4015,0.8
5704,0.8
420,0.8
4403,0.8
2740,0.8
4155,0.8
1570,0.8
2923,0.8
5694,0.8
4164,0.8
2644,0.8
4852,0.8
2726,0.8
1761,0.8
6262,0.8
4422,0.8
5396,0.8
3346,0.8
1050,0.8
1029,0.8
4213,0.8
5472,0.8
6607,0.8
6859,0.8
2192,0.8
1194,0.8
5903,0.8
6164,0.8
3290,0.8
5822,0.8
686,0.8
4919,0.8
4119,0.8
3463,0.8
864,0.8
6216,0.8
4637,0.8
5990,0.8
297,0.8
5052,0.8
2524,0.8
105,0.8
683,0.8
5084,0.8
2617,0.8
1773,0.8
4557,0.8
3979,0.8
4736,0.8
5367,0.8
3003,0.8
5494,0.8
2379,0.8
1864,0.8
5974,0.8
4055,0.8
6589,0.8
1120,0.8
7285,0.8
337,0.8
1669,0.8
5188,0.8
2109,0.8
7045,0.8
557,0.8
441,0.8
6191,0.8
7114,0.8
4341,0.8
6044,0.8
2019,0.8
1554,0.8
251,0.8
4520,0.8
3576,0.8
6183,0.8
3439,0.8
3552,0.8
5106,0.8
322,0.8
1308,0.8
7094,0.8
4287,0.8
6609,0.8
3688,0.8
1127,0.8
7069,0.8
5120,0.8
1975,0.8
2785,0.8
6242,0.8
6706,0.8
3450,0.8
5928,0.8
3402,0.8
4126,0.8
5164,0.8
6760,0.8
2396,0.8
4160,0.8
2076,0.8
2887,0.8
880,0.8
2470,0.8
1216,0.8
1106,0.8
6618,0.8
4574,0.8
723,0.8
2867,0.8
5069,0.8
1035,0.8
5433,0.8
6189,0.8
5204,0.8
811,0.8
80,0.8
1230,0.8
3506,0.8
606,0.8
4524,0.8
5544,0.8
2918,0.8
1673,0.8
5203,0.8
6811,0.8
5508,0.8
5426,0.8
579,0.8
2594,0.8
1545,0.8
3217,0.8
5350,0.8
1651,0.8
1074,0.8
2491,0.8
321,0.8
3602,0.8
464,0.8
6018,0.8
1439,0.8
6688,0.8
700,0.8
379,0.8
7389,0.8
651,0.8
3983,0.8
2766,0.8
5436,0.8
5384,0.8
3574,0.8
262,0.8
2096,0.8
1184,0.8
5045,0.8
1384,0.8
4773,0.8
3495,0.8
226,0.8
3464,0.8
6089,0.8
3896,0.8
6263,0.8
7263,0.8
3618,0.8
4974,0.8
6963,0.8
4427,0.8
2891,0.8
5056,0.8
4900,0.8
4454,0.8
3089,0.8
141,0.8
5921,0.8
1347,0.8
6979,0.8
1432,0.8
2635,0.8
5074,0.8
1303,0.8
3915,0.8
5615,0.8
7291,0.8
6712,0.8
52,0.8
108,0.8
525,0.8
2720,0.8
5674,0.8
4277,0.8
3515,0.8
1817,0.8
2347,0.8
4781,0.8
5514,0.8
4964,0.8
6379,0.8
336,0.8
2707,0.8
346,0.8
7400,0.8
6299,0.8
1939,0.8
3580,0.8
6988,0.8
7157,0.8
4346,0.8
5156,0.8
6945,0.8
3800,0.8
4237,0.8
2000,0.8
2036,0.8
406,0.8
3936,0.8
919,0.8
1331,0.8
5262,0.8
1987,0.8
2448,0.8
5816,0.8
439,0.8
1563,0.8
5430,0.8
288,0.8
2589,0.8
5435,0.8
1015,0.8
4866,0.8
4720,0.8
6697,0.8
2991,0.8
6741,0.8
4360,0.8
2675,0.8
3612,0.8
3972,0.8
6879,0.8
2619,0.8
4749,0.8
964,0.8
5884,0.8
4789,0.8
5062,0.8
2416,0.8
7161,0.8
1553,0.8
2836,0.8
3866,0.8
327,0.8
5122,0.8
6957,0.8
6124,0.8
4187,0.8
1837,0.8
3964,0.8
6161,0.8
2083,0.8
3409,0.8
1052,0.8
7276,0.8
5557,0.8
1606,0.8
6579,0.8
1979,0.8
2199,0.8
5624,0.8
3280,0.8
4227,0.8
6145,0.8
5431,0.8
1441,0.8
1223,0.8
589,0.8
5552,0.8
1374,0.8
5880,0.8
6632,0.8
3304,0.8
3909,0.8
5662,0.8
5824,0.8
2582,0.8
7318,0.8
3362,0.8
4083,0.8
4895,0.8
4447,0.8
5010,0.8
7154,0.8
1147,0.8
6648,0.8
1245,0.8
972,0.8
3670,0.8
1036,0.8
3577,0.8
1506,0.8
5653,0.8
2535,0.8
433,0.8
4768,0.8
294,0.8
5484,0.8
3490,0.8
1164,0.8
4639,0.8
3874,0.8
2746,0.8
4326,0.8
6615,0.8
2805,0.8
2194,0.8
5168,0.8
5790,0.8
4610,0.8
3140,0.8
416,0.8
4867,0.8
4806,0.8
5322,0.8
6919,0.8
1810,0.8
6380,0.8
1718,0.8
3327,0.8
4356,0.8
5112,0.8
4929,0.8
3735,0.8
979,0.8
5546,0.8
4032,0.8
2773,0.8
5642,0.8
4236,0.8
2311,0.8
3663,0.8
5405,0.8
5897,0.8
7390,0.8
3480,0.8
7084,0.8
601,0.8
7186,0.8
4809,0.8
412,0.8
2157,0.8
4233,0.8
4208,0.8
2816,0.8
4405,0.8
1638,0.8
4481,0.8
1560,0.8
576,0.8
2845,0.8
4434,0.8
2983,0.8
4790,0.8
590,0.8
461,0.8
1746,0.8
5116,0.8
6482,0.8
4404,0.8
950,0.8
3411,0.8
1637,0.8
3682,0.8
6,0.8
6140,0.8
238,0.8
5335,0.8
264,0.8
4598,0.8
4193,0.8
6169,0.8
4279,0.8
3820,0.8
5891,0.8
6863,0.8
2093,0.8
5361,0.8
4753,0.8
5205,0.8
4161,0.8
1495,0.8
6920,0.8
4530,0.8
5215,0.8
1158,0.8
3631,0.8
5509,0.8
4118,0.8
3621,0.8
5455,0.8
3795,0.8
4165,0.8
2799,0.8
7079,0.8
3306,0.8
5556,0.8
1028,0.8
2939,0.8
2189,0.8
3342,0.8
2055,0.8
986,0.8
2492,0.8
5107,0.8
3192,0.8
669,0.8
6852,0.8
244,0.8
469,0.8
7063,0.8
6731,0.8
6909,0.8
2350,0.8
7177,0.8
1021,0.8
7085,0.8
5174,0.8
5329,0.8
85,0.8
1255,0.8
4723,0.8
1007,0.8
6872,0.8
6570,0.8
3916,0.8
5137,0.8
5927,0.8
3849,0.8
1675,0.8
4923,0.8
6386,0.8
5419,0.8
6536,0.8
4570,0.8
5042,0.8
5444,0.8
857,0.8
1929,0.8
7223,0.8
5794,0.8
6460,0.8
4843,0.8
1334,0.8
382,0.8
4311,0.8
3278,0.8
3474,0.8
894,0.8
3122,0.8
5620,0.8
4448,0.8
819,0.8
1617,0.8
4261,0.8
6809,0.8
474,0.8
5047,0.8
5191,0.8
6803,0.8
7055,0.8
951,0.8
6788,0.8
7076,0.8
3353,0.8
659,0.8
1215,0.8
5121,0.8
4505,0.8
527,0.8
1030,0.8
3975,0.8
4156,0.8
3926,0.8
734,0.8
4529,0.8
2103,0.8
4935,0.8
1580,0.8
5634,0.8
608,0.8
1667,0.8
7080,0.8
5458,0.8
1717,0.8
965,0.8
1609,0.8
996,0.8
6408,0.8
6509,0.8
1038,0.8
5809,0.8
968,0.8
1377,0.8
4145,0.8
6622,0.8
451,0.8
6127,0.8
6674,0.8
4559,0.8
541,0.8
2942,0.8
567,0.8
5353,0.8
7311,0.8
537,0.8
6227,0.8
3775,0.8
7239,0.8
387,0.8
5519,0.8
4090,0.8
4302,0.8
5896,0.8
4826,0.8
2392,0.8
7067,0.8
5234,0.8
2380,0.8
546,0.8
6110,0.8
775,0.8
2930,0.8
2654,0.8
2242,0.8
1227,0.8
7387,0.8
6908,0.8
5264,0.8
4833,0.8
6958,0.8
2333,0.8
1430,0.8
1899,0.8
5701,0.8
6720,0.8
2527,0.8
4932,0.8
5025,0.8
6075,0.8
2010,0.8
5609,0.8
5786,0.8
529,0.8
5175,0.8
5078,0.8
6527,0.8
5459,0.8
5147,0.8
6283,0.8
5598,0.8
1632,0.8
6930,0.8
3843,0.8
2643,0.8
3545,0.8
961,0.8
5297,0.8
6693,0.8
5071,0.8
1406,0.8
3736,0.8
2384,0.8
1423,0.8
4288,0.8
3694,0.8
2158,0.8
2796,0.8
2758,0.8
5881,0.8
5847,0.8
854,0.8
2142,0.8
4982,0.8
6916,0.8
4646,0.8
3661,0.8
6522,0.8
281,0.8
2829,0.8
174,0.8
4689,0.8
2509,0.8
5657,0.8
3619,0.8
2346,0.8
4594,0.8
6165,0.8
6844,0.8
2166,0.8
2372,0.8
620,0.8
7330,0.8
1930,0.8
6137,0.8
3700,0.8
3889,0.8
1840,0.8
1713,0.8
4,0.8
6168,0.8
2730,0.8
5853,0.8
3128,0.8
6606,0.8
7382,0.8
5038,0.8
6427,0.8
4096,0.8
5210,0.8
4084,0.8
2762,0.8
1511,0.8
6258,0.8
2307,0.8
2407,0.8
5651,0.8
6288,0.8
3606,0.8
2639,0.8
2731,0.8
1497,0.8
6202,0.8
4472,0.8
1089,0.8
2116,0.8
4350,0.8
3599,0.8
5018,0.8
5933,0.8
5266,0.8
6906,0.8
6696,0.8
4409,0.8
6339,0.8
3331,0.8
3778,0.8
4423,0.8
6122,0.8
6268,0.8
5867,0.8
4779,0.8
2861,0.8
3373,0.8
5290,0.8
3917,0.8
4210,0.8
4896,0.8
4384,0.8
1388,0.8
3071,0.8
4295,0.8
6279,0.8
3405,0.8
6020,0.8
2710,0.8
1252,0.8
1740,0.8
4424,0.8
5235,0.8
7160,0.8
549,0.8
1908,0.8
2567,0.8
4246,0.8
307,0.8
212,0.8
3477,0.8
4421,0.8
1696,0.8
7283,0.8
921,0.8
230,0.8
1854,0.8
4018,0.8
2322,0.8
7380,0.8
6113,0.8
3424,0.8
612,0.8
2497,0.8
2045,0.8
643,0.8
1232,0.8
470,0.8
1655,0.8
4368,0.8
1466,0.8
2313,0.8
1173,0.8
4858,0.8
3130,0.8
5407,0.8
1431,0.8
1559,0.8
6621,0.8
5873,0.8
4303,0.8
2398,0.8
7332,0.8
235,0.8
5488,0.8
860,0.8
2641,0.8
6608,0.8
4713,0.8
178,0.8
3853,0.8
4824,0.8
3367,0.8
6980,0.8
280,0.8
6560,0.8
592,0.8
6887,0.8
963,0.8
3340,0.8
231,0.8
1605,0.8
1573,0.8
4849,0.8
1314,0.8
3586,0.8
1966,0.8
2067,0.8
3883,0.8
4453,0.8
2663,0.8
6907,0.8
7105,0.8
1772,0.8
4484,0.8
5601,0.8
5658,0.8
4327,0.8
6469,0.8
4844,0.8
5829,0.8
5073,0.8
5373,0.8
2255,0.8
1076,0.8
1702,0.8
1168,0.8
6886,0.8
602,0.8
350,0.8
6685,0.8
6273,0.8
4485,0.8
3434,0.8
2819,0.8
2986,0.8
1286,0.8
675,0.8
88,0.8
3226,0.8
3399,0.8
2817,0.8
3961,0.8
2018,0.8
2906,0.8
98,0.8
4769,0.8
7286,0.8
5817,0.8
7294,0.8
3029,0.8
2400,0.8
6031,0.8
4446,0.8
4104,0.8
2478,0.8
6526,0.8
4317,0.8
481,0.8
2253,0.8
6293,0.8
7169,0.8
6155,0.8
4947,0.8
7212,0.8
7395,0.8
1822,0.8
1856,0.8
5595,0.8
4580,0.8
4300,0.8
6591,0.8
5128,0.8
3908,0.8
4443,0.8
2489,0.8
3783,0.8
3921,0.8
7218,0.8
4553,0.8
2995,0.8
7170,0.8
2821,0.8
4583,0.8
4437,0.8
2095,0.8
2378,0.8
5022,0.8
2901,0.8
3924,0.8
1412,0.8
1299,0.8
1646,0.8
7269,0.8
5525,0.8
1492,0.8
4005,0.8
2886,0.8
4162,0.8
7057,0.8
163,0.8
3259,0.8
7033,0.8
4060,0.8
5591,0.8
795,0.8
3930,0.8
3287,0.8
611,0.8
241,0.8
7095,0.8
3386,0.8
1915,0.8
1091,0.8
507,0.8
3530,0.8
2950,0.8
4166,0.8
3310,0.8
5931,0.8
404,0.8
2153,0.8
5665,0.8
2403,0.8
460,0.8
5680,0.8
2278,0.8
5796,0.8
3971,0.8
6837,0.8
2046,0.8
4451,0.8
3349,0.8
4633,0.8
1057,0.8
4245,0.8
4957,0.8
5570,0.8
3021,0.8
2042,0.8
4259,0.8
1650,0.8
5696,0.8
1270,0.8
1973,0.8
3559,0.8
6027,0.8
339,0.8
5176,0.8
3683,0.8
6996,0.8
4395,0.8
7273,0.8
6639,0.8
6559,0.8
1905,0.8
5493,0.8
3584,0.8
912,0.8
1042,0.8
357,0.8
2688,0.8
5631,0.8
2522,0.8
953,0.8
2202,0.8
4091,0.8
7046,0.8
3575,0.8
5818,0.8
1237,0.8
1714,0.8
4958,0.8
7325,0.8
1008,0.8
4149,0.8
4714,0.8
3446,0.8
609,0.8
210,0.8
3036,0.8
6820,0.8
3483,0.8
7086,0.8
705,0.8
2012,0.8
6078,0.8
4318,0.8
4378,0.8
999,0.8
3980,0.8
656,0.8
7290,0.8
1424,0.8
2811,0.8
2508,0.8
6439,0.8
3989,0.8
1247,0.8
3710,0.8
2078,0.8
2530,0.8
6282,0.8
2649,0.8
4857,0.8
7184,0.8
1218,0.8
753,0.8
2928,0.8
3022,0.8
759,0.8
4247,0.8
1699,0.8
7173,0.8
6923,0.8
2904,0.8
4653,0.8
657,0.8
3357,0.8
4797,0.8
5521,0.8
2236,0.8
3662,0.8
1597,0.8
806,0.8
1589,0.8
661,0.8
6828,0.8
6716,0.8
1254,0.8
4500,0.8
3786,0.8
5875,0.8
7346,0.8
944,0.8
2590,0.8
5497,0.8
5920,0.8
6695,0.8
4059,0.8
6179,0.8
3632,0.8
6422,0.8
3244,0.8
3831,0.8
4589,0.8
3172,0.8
5048,0.8
7219,0.8
1888,0.8
7392,0.8
1883,0.8
4687,0.8
7381,0.8
863,0.8
4013,0.8
2480,0.8
1228,0.8
6461,0.8
2132,0.8
4762,0.8
3933,0.8
1101,0.8
1183,0.8
7031,0.8
1565,0.8
1626,0.8
2645,0.8
2249,0.8
7349,0.8
5500,0.8
7088,0.8
4744,0.8
5679,0.8
2156,0.8
1652,0.8
4742,0.8
4945,0.8
4235,0.8
3589,0.8
6602,0.8
1171,0.8
4611,0.8
3194,0.8
6735,0.8
2613,0.8
143,0.8
1345,0.8
3596,0.8
452,0.8
323,0.8
6892,0.8
3028,0.8
2268,0.8
3060,0.8
2596,0.8
6238,0.8
2515,0.8
3676,0.8
2179,0.8
3180,0.8
691,0.8
540,0.8
2882,0.8
3991,0.8
1843,0.8
7304,0.8
6672,0.8
5708,0.8
6507,0.8
3007,0.8
3235,0.8
5144,0.8
2518,0.8
4726,0.8
6638,0.8
5349,0.8
2620,0.8
466,0.8
5572,0.8
4561,0.8
5133,0.8
74,0.8
2809,0.8
5314,0.8
5910,0.8
4901,0.8
5070,0.8
5151,0.8
1654,0.8
5379,0.8
1058,0.8
6494,0.8
6577,0.8
4657,0.8
1253,0.8
2457,0.8
1747,0.8
4011,0.8
7317,0.8
252,0.8
5697,0.8
6573,0.8
1357,0.8
1321,0.8
849,0.8
4764,0.8
7059,0.8
444,0.8
2883,0.8
4197,0.8
6826,0.8
2989,0.8
1636,0.8
1503,0.8
7030,0.8
7194,0.8
6071,0.8
3243,0.8
1434,0.8
5878,0.8
2369,0.8
6363,0.8
2705,0.8
5491,0.8
4766,0.8
1389,0.8
4309,0.8
200,0.8
6670,0.8
2050,0.8
6294,0.8
2977,0.8
3176,0.8
5449,0.8
1483,0.8
2789,0.8
3904,0.8
5063,0.8
7337,0.8
2907,0.8
6519,0.8
5393,0.8
5476,0.8
3428,0.8
905,0.8
369,0.8
587,0.8
5115,0.8
1000,0.8
4667,0.8
6474,0.8
7021,0.8
3913,0.8
3524,0.8
233,0.8
5948,0.8
1327,0.8
276,0.8
5513,0.8
4224,0.8
5072,0.8
4305,0.8
2735,0.8
831,0.8
3825,0.8
5241,0.8
7158,0.8
3677,0.8
1658,0.8
7205,0.8
465,0.8
217,0.8
1765,0.8
2097,0.8
6114,0.8
2160,0.8
5041,0.8
2475,0.8
3453,0.8
1161,0.8
7363,0.8
2519,0.8
2343,0.8
3630,0.8
4889,0.8
5567,0.8
5517,0.8
1670,0.8
2133,0.8
3914,0.8
1579,0.8
417,0.8
5365,0.8
6289,0.8
5542,0.8
6201,0.8
5469,0.8
6629,0.8
7245,0.8
6144,0.8
1146,0.8
5795,0.8
2755,0.8
765,0.8
937,0.8
3655,0.8
4916,0.8
3394,0.8
5123,0.8
4106,0.8
4286,0.8
5207,0.8
6252,0.8
6686,0.8
6432,0.8
4820,0.8
6974,0.8
5385,0.8
3955,0.8
6275,0.8
3302,0.8
3283,0.8
6985,0.8
4283,0.8
6080,0.8
1328,0.8
1256,0.8
3271,0.8
5964,0.8
3038,0.8
7301,0.8
5293,0.8
1703,0.8
4613,0.8
7122,0.8
1373,0.8
1785,0.8
426,0.8
4343,0.8
506,0.8
1886,0.8
3809,0.8
1846,0.8
2138,0.8
3627,0.8
4969,0.8
4215,0.8
7237,0.8
6537,0.8
908,0.8
6280,0.8
2947,0.8
4220,0.8
4638,0.8
4970,0.8
3543,0.8
1217,0.8
3617,0.8
1921,0.8
7229,0.8
3295,0.8
4211,0.8
2678,0.8
5129,0.8
1414,0.8
7388,0.8
983,0.8
6409,0.8
1309,0.8
4392,0.8
5292,0.8
4725,0.8
6582,0.8
3626,0.8
2607,0.8
3313,0.8
2830,0.8
3600,0.8
3573,0.8
3656,0.8
5941,0.8
7324,0.8
5654,0.8
3709,0.8
15,0.8
5111,0.8
5079,0.8
3844,0.8
4112,0.8
6876,0.8
2118,0.8
3740,0.8
498,0.8
7288,0.8
1752,0.8
3653,0.8
6571,0.8
1150,0.8
239,0.8
4483,0.8
2752,0.8
6851,0.8
2084,0.8
3613,0.8
4878,0.8
6944,0.8
1736,0.8
6222,0.8
5370,0.8
3907,0.8
4655,0.8
6530,0.8
7268,0.8
6510,0.8
3102,0.8
994,0.8
7009,0.8
6738,0.8
5842,0.8
5466,0.8
3236,0.8
7328,0.8
1596,0.8
5442,0.8
588,0.8
3691,0.8
6931,0.8
6026,0.8
6874,0.8
2604,0.8
6698,0.8
6769,0.8
5046,0.8
925,0.8
3651,0.8
5553,0.8
7266,0.8
4487,0.8
6199,0.8
3686,0.8
7071,0.8
6440,0.8
6205,0.8
6072,0.8
855,0.8
6374,0.8
5857,0.8
2381,0.8
3420,0.8
4930,0.8
1003,0.8
1018,0.8
2831,0.8
3137,0.8
5968,0.8
3481,0.8
6628,0.8
6272,0.8
1561,0.8
7060,0.8
5949,0.8
3385,0.8
3673,0.8
6563,0.8
4791,0.8
298,0.8
4940,0.8
4796,0.8
3285,0.8
5182,0.8
4414,0.8
1969,0.8
3221,0.8
6881,0.8
3551,0.8
3985,0.8
3445,0.8
6681,0.8
4470,0.8
6604,0.8
4170,0.8
6496,0.8
1523,0.8
4676,0.8
6989,0.8
2126,0.8
5625,0.8
6586,0.8
3611,0.8
888,0.8
1320,0.8
5134,0.8
6792,0.8
550,0.8
4207,0.8
3361,0.8
3356,0.8
6595,0.8
151,0.8
6755,0.8
5646,0.8
1819,0.8
285,0.8
7155,0.8
4856,0.8
4129,0.8
7242,0.8
677,0.8
1681,0.8
6094,0.8
4845,0.8
2482,0.8
2351,0.8
2292,0.8
3712,0.8
5186,0.8
137,0.8
4429,0.8
869,0.8
6997,0.8
5377,0.8
6673,0.8
3232,0.8
3678,0.8
4512,0.8
3644,0.8
3751,0.8
3234,0.8
6143,0.8
5169,0.8
1608,0.8
1687,0.8
5043,0.8
1678,0.8
3725,0.8
3828,0.8
169,0.8
3817,0.8
132,0.8
5645,0.8
5246,0.8
3282,0.8
3788,0.8
2605,0.8
5139,0.8
5005,0.8
1701,0.8
2382,0.8
5138,0.8
2672,0.8
5690,0.8
2915,0.8
3859,0.8
296,0.8
1587,0.8
6400,0.8
2107,0.8
1712,0.8
4135,0.8
5173,0.8
1985,0.8
418,0.8
1361,0.8
6047,0.8
3610,0.8
704,0.8
7162,0.8
882,0.8
6498,0.8
6965,0.8
4894,0.8
3413,0.8
1287,0.8
3421,0.8
5965,0.8
1115,0.8
430,0.8
6095,0.8
5861,0.8
3641,0.8
5105,0.8
1964,0.8
82,0.8
3291,0.8
4488,0.8
4468,0.8
1919,0.8
4805,0.8
4585,0.8
7322,0.8
1420,0.8
7258,0.8
1128,0.8
4195,0.8
111,0.8
5094,0.8
4345,0.8
51,0.8
388,0.8
6207,0.8
3062,0.8
1981,0.8
2722,0.8
7214,0.8
4576,0.8
6701,0.8
6972,0.8
6177,0.8
5089,0.8
6103,0.8
4674,0.8
3870,0.8
6993,0.8
5160,0.8
3702,0.8
6734,0.8
3911,0.8
3360,0.8
7116,0.8
3296,0.8
5548,0.8
959,0.8
1742,0.8
177,0.8
6229,0.8
1974,0.8
3065,0.8
5798,0.8
249,0.8
6614,0.8
1850,0.8
4022,0.8
1499,0.8
4103,0.8
443,0.8
6813,0.8
6754,0.8
2978,0.8
3614,0.8
3754,0.8
2238,0.8
3888,0.8
2655,0.8
1509,0.8
78,0.8
6134,0.8
5854,0.8
6497,0.8
7070,0.8
503,0.8
3857,0.8
1734,0.8
335,0.8
1191,0.8
1385,0.8
6853,0.8
952,0.8
7265,0.8
5606,0.8
4270,0.8
3027,0.8
3273,0.8
6111,0.8
429,0.8
222,0.8
4651,0.8
4654,0.8
4515,0.8
199,0.8
160,0.8
7284,0.8
6139,0.8
2833,0.8
4693,0.8
2429,0.8
607,0.8
1715,0.8
90,0.8
1550,0.8
227,0.8
3001,0.8
3675,0.8
5526,0.8
1248,0.8
5342,0.8
1918,0.8
4875,0.8
6718,0.8
304,0.8
1684,0.8
1162,0.8
6702,0.8
4971,0.8
2088,0.8
2798,0.8
1349,0.8
6100,0.8
5979,0.8
903,0.8
6555,0.8
2782,0.8
4973,0.8
3823,0.8
6567,0.8
6092,0.8
6732,0.8
4539,0.8
3377,0.8
5412,0.8
907,0.8
140,0.8
1221,0.8
4748,0.8
2115,0.8
7213,0.8
93,0.8
7164,0.8
1371,0.8
6484,0.8
4258,0.8
1764,0.8
425,0.8
829,0.8
2409,0.8
3077,0.8
1325,0.8
1363,0.8
998,0.8
1902,0.8
4751,0.8
593,0.8
4196,0.8
1009,0.8
6407,0.8
3376,0.8
6525,0.8
520,0.8
3638,0.8
1894,0.8
229,0.8
2628,0.8
1788,0.8
997,0.8
6793,0.8
638,0.8
2496,0.8
3749,0.8
6699,0.8
2014,0.8
4070,0.8
2526,0.8
5613,0.8
4579,0.8
730,0.8
2041,0.8
5040,0.8
6812,0.8
458,0.8
4864,0.8
6415,0.8
2756,0.8
3013,0.8
1968,0.8
4268,0.8
5323,0.8
2696,0.8
1242,0.8
3858,0.8
957,0.8
4169,0.8
3256,0.8
6644,0.8
6914,0.8
4359,0.8
1131,0.8
5145,0.8
5117,0.8
1871,0.8
2812,0.8
7032,0.8
614,0.8
1278,0.8
2665,0.8
3719,0.8
981,0.8
847,0.8
7302,0.8
6142,0.8
4823,0.8
1427,0.8
2795,0.8
1085,0.8
2090,0.8
7112,0.8
6727,0.8
2767,0.8
1485,0.8
150,0.8
690,0.8
2866,0.8
7139,0.8
6825,0.8
4560,0.8
3075,0.8
6777,0.8
4983,0.8
844,0.8
3320,0.8
5409,0.8
6373,0.8
3006,0.8
5101,0.8
4397,0.8
6070,0.8
75,0.8
4527,0.8
4226,0.8
7197,0.8
1190,0.8
1284,0.8
6687,0.8
2001,0.8
1185,0.8
5153,0.8
3117,0.8
1429,0.8
941,0.8
5994,0.8
3965,0.8
5978,0.8
3002,0.8
5352,0.8
2929,0.8
1884,0.8
1022,0.8
6452,0.8
1348,0.8
3205,0.8
6934,0.8
1857,0.8
1795,0.8
6711,0.8
6912,0.8
3689,0.8
2488,0.8
1416,0.8
267,0.8
5937,0.8
2205,0.8
3429,0.8
3214,0.8
3956,0.8
6842,0.8
2428,0.8
2412,0.8
7201,0.8
5504,0.8
7165,0.8
3903,0.8
17,0.8
1209,0.8
2818,0.8
5836,0.8
1362,0.8
2178,0.8
1249,0.8
792,0.8
524,0.8
7010,0.8
2044,0.8
5244,0.8
1070,0.8
6781,0.8
4745,0.8
1481,0.8
2779,0.8
2925,0.8
2878,0.8
7207,0.8
2716,0.8
1493,0.8
3885,0.8
3201,0.8
6099,0.8
5806,0.8
4795,0.8
5389,0.8
1743,0.8
6485,0.8
2754,0.8
7249,0.8
5531,0.8
5148,0.8
2854,0.8
4959,0.8
352,0.8
4234,0.8
1997,0.8
1588,0.8
788,0.8
1166,0.8
4694,0.8
6357,0.8
123,0.8
4298,0.8
2441,0.8
5291,0.8
5977,0.8
4885,0.8
2282,0.8
1222,0.8
4049,0.8
4652,0.8
219,0.8
4698,0.8
3393,0.8
7314,0.8
3470,0.8
7347,0.8
2760,0.8
3119,0.8
692,0.8
4673,0.8
7319,0.8
4977,0.8
6745,0.8
6269,0.8
1629,0.8
4508,0.8
6391,0.8
4601,0.8
225,0.8
3645,0.8
4830,0.8
4251,0.8
5534,0.8
7153,0.8
4944,0.8
4732,0.8
2494,0.8
6900,0.8
6779,0.8
242,0.8
5637,0.8
2315,0.8
5527,0.8
3416,0.8
2405,0.8
3784,0.8
7128,0.8
6131,0.8
931,0.8
1193,0.8
1581,0.8
1032,0.8
1610,0.8
228,0.8
3056,0.8
4205,0.8
1881,0.8
6457,0.8
3245,0.8
3188,0.8
1269,0.8
2128,0.8
3717,0.8
1408,0.8
2170,0.8
2266,0.8
6126,0.8
1647,0.8
3492,0.8
6529,0.8
5019,0.8
733,0.8
5997,0.8
7296,0.8
6758,0.8
1407,0.8
2066,0.8
839,0.8
2500,0.8
2339,0.8
19,0.8
2772,0.8
5198,0.8
6765,0.8
5581,0.8
5326,0.8
7078,0.8
2038,0.8
1210,0.8
5985,0.8
5960,0.8
4255,0.8
6157,0.8
4954,0.8
4887,0.8
1612,0.8
107,0.8
4365,0.8
521,0.8
4439,0.8
3158,0.8
5302,0.8
7376,0.8
1129,0.8
1726,0.8
6875,0.8
3633,0.8
6973,0.8
3544,0.8
2659,0.8
2394,0.8
1400,0.8
6171,0.8
4459,0.8
548,0.8
1118,0.8
3503,0.8
2234,0.8
2673,0.8
7235,0.8
6420,0.8
2651,0.8
3050,0.8
1852,0.8
5474,0.8
6011,0.8
2004,0.8
5883,0.8
5862,0.8
6387,0.8
6640,0.8
208,0.8
5566,0.8
6999,0.8
7103,0.8
6151,0.8
5245,0.8
900,0.8
67,0.8
414,0.8
2110,0.8
4415,0.8
168,0.8
5087,0.8
2747,0.8
5945,0.8
6819,0.8
3787,0.8
3341,0.8
69,0.8
6569,0.8
6197,0.8
5886,0.8
5585,0.8
2222,0.8
5276,0.8
2341,0.8
3727,0.8
6073,0.8
3882,0.8
1680,0.8
3706,0.8
2419,0.8
1784,0.8
6281,0.8
4684,0.8
619,0.8
3881,0.8
4009,0.8
3692,0.8
5091,0.8
815,0.8
1672,0.8
2689,0.8
5682,0.8
1394,0.8
6780,0.8
3918,0.8
4793,0.8
2941,0.8
1984,0.8
1664,0.8
2843,0.8
3542,0.8
7275,0.8
265,0.8
1774,0.8
6184,0.8
3968,0.8
6750,0.8
2702,0.8
3652,0.8
6297,0.8
2399,0.8
1396,0.8
1912,0.8
1639,0.8
1716,0.8
2927,0.8
3352,0.8
4871,0.8
6855,0.8
866,0.8
5788,0.8
125,0.8
6762,0.8
5627,0.8
970,0.8
1522,0.8
1996,0.8
4432,0.8
5263,0.8
59,0.8
41,0.8
2059,0.8
2167,0.8
1500,0.8
7037,0.8
922,0.8
2053,0.8
4290,0.8
1482,0.8
4783,0.8
7333,0.8
6575,0.8
1055,0.8
349,0.8
221,0.8
1360,0.8
3305,0.8
2005,0.8
2865,0.8
7203,0.8
3404,0.8
3954,0.8
2324,0.8
5596,0.8
4366,0.8
6004,0.8
4396,0.8
3737,0.8
6081,0.8
4003,0.8
3739,0.8
2299,0.8
3810,0.8
3345,0.8
1220,0.8
4097,0.8
6128,0.8
209,0.8
353,0.8
4884,0.8
6524,0.8
3051,0.8
7168,0.8
2065,0.8
4846,0.8
6376,0.8
128,0.8
3468,0.8
5611,0.8
1333,0.8
3520,0.8
3513,0.8
6885,0.8
3963,0.8
2510,0.8
40,0.8
1518,0.8
3381,0.8
6112,0.8
4918,0.8
1508,0.8
6724,0.8
5702,0.8
6984,0.8
6683,0.8
87,0.8
5571,0.8
1806,0.8
1186,0.8
4516,0.8
545,0.8
1739,0.8
523,0.8
3437,0.8
7312,0.8
4841,0.8
1263,0.8
6634,0.8
3977,0.8
4332,0.8
6369,0.8
3636,0.8
7222,0.8
2864,0.8
742,0.8
710,0.8
7011,0.8
1203,0.8
5584,0.8
396,0.8
2753,0.8
4058,0.8
1083,0.8
5434,0.8
5080,0.8
5199,0.8
4176,0.8
6983,0.8
1604,0.8
4584,0.8
876,0.8
4635,0.8
1735,0.8
4269,0.8
3011,0.8
1260,0.8
4912,0.8
560,0.8
3741,0.8
5320,0.8
7187,0.8
4363,0.8
1072,0.8
436,0.8
2304,0.8
273,0.8
5404,0.8
875,0.8
3203,0.8
181,0.8
2211,0.8
3230,0.8
2383,0.8
3047,0.8
194,0.8
5547,0.8
4602,0.8
1488,0.8
6911,0.8
351,0.8
1790,0.8
6948,0.8
4540,0.8
6187,0.8
7148,0.8
2099,0.8
282,0.8
2750,0.8
1653,0.8
3608,0.8
77,0.8
1889,0.8
4682,0.8
5440,0.8
6041,0.8
771,0.8
7098,0.8
6038,0.8
2113,0.8
1586,0.8
2775,0.8
4130,0.8
6241,0.8
255,0.8
7152,0.8
5376,0.8
4325,0.8
5481,0.8
2297,0.8
6968,0.8
1033,0.8
1490,0.8
967,0.8
2640,0.8
4232,0.8
1011,0.8
3465,0.8
2168,0.8
6368,0.8
4401,0.8
1474,0.8
6917,0.8
2727,0.8
2776,0.8
835,0.8
3536,0.8
5020,0.8
6749,0.8
6477,0.8
2823,0.8
2834,0.8
1951,0.8
3519,0.8
755,0.8
4597,0.8
1910,0.8
2226,0.8
5366,0.8
3850,0.8
5355,0.8
6264,0.8
6970,0.8
6553,0.8
2761,0.8
3497,0.8
4631,0.8
5823,0.8
1421,0.8
5936,0.8
1060,0.8
5843,0.8
4604,0.8
2476,0.8
2402,0.8
4041,0.8
4001,0.8
1873,0.8
1800,0.8
302,0.8
3698,0.8
1566,0.8
5805,0.8
4010,0.8
3768,0.8
5344,0.8
2873,0.8
434,0.8
721,0.8
727,0.8
2511,0.8
585,0.8
2473,0.8
6566,0.8
1504,0.8
2642,0.8
2387,0.8
10,0.8
4965,0.8
6431,0.8
6173,0.8
3994,0.8
5300,0.8
6006,0.8
3687,0.8
2368,0.8
7372,0.8
4026,0.8
7270,0.8
3846,0.8
5870,0.8
6737,0.8
3451,0.8
3365,0.8
4239,0.8
6388,0.8
4759,0.8
4697,0.8
2822,0.8
4794,0.8
5206,0.8
6465,0.8
2485,0.8
3547,0.8
4389,0.8
969,0.8
3813,0.8
6340,0.8
3974,0.8
7348,0.8
7146,0.8
1133,0.8
3649,0.8
1393,0.8
4555,0.8
4757,0.8
2501,0.8
793,0.8
6947,0.8
7386,0.8
4023,0.8
5086,0.8
995,0.8
5643,0.8
2976,0.8
725,0.8
247,0.8
6753,0.8
2123,0.8
7149,0.8
2105,0.8
1661,0.8
332,0.8
4606,0.8
6789,0.8
4019,0.8
5889,0.8
3389,0.8
1842,0.8
2054,0.8
4928,0.8
3146,0.8
1413,0.8
5917,0.8
3938,0.8
1148,0.8
2826,0.8
744,0.8
5506,0.8
2808,0.8
767,0.8
6717,0.8
4984,0.8
2064,0.8
1251,0.8
3923,0.8
5828,0.8
4217,0.8
1138,0.8
5492,0.8
4838,0.8
269,0.8
4209,0.8
1649,0.8
5321,0.8
5239,0.8
6082,0.8
3920,0.8
198,0.8
3041,0.8
688,0.8
6150,0.8
1026,0.8
3992,0.8
7135,0.8
896,0.8
2575,0.8
5166,0.8
6691,0.8
5529,0.8
4774,0.8
3722,0.8
3067,0.8
2599,0.8
6585,0.8
4517,0.8
2810,0.8
2130,0.8
5100,0.8
2244,0.8
126,0.8
5709,0.8
1487,0.8
1006,0.8
2917,0.8
5890,0.8
148,0.8
7298,0.8
2071,0.8
89,0.8
4978,0.8
5271,0.8
6381,0.8
3476,0.8
1551,0.8
4420,0.8
6417,0.8
5522,0.8
6594,0.8
5332,0.8
2124,0.8
3292,0.8
4731,0.8
5161,0.8
4666,0.8
5911,0.8
7368,0.8
2778,0.8
3869,0.8
270,0.8
5594,0.8
2792,0.8
49,0.8
2857,0.8
568,0.8
6508,0.8
6358,0.8
3732,0.8
5490,0.8
6926,0.8
5468,0.8
1798,0.8
5170,0.8
1192,0.8
823,0.8
7018,0.8
4349,0.8
7316,0.8
1775,0.8
104,0.8
5154,0.8
1710,0.8
2732,0.8
6096,0.8
4406,0.8
348,0.8
1078,0.8
2602,0.8
6776,0.8
6015,0.8
4572,0.8
4475,0.8
3595,0.8
6939,0.8
4876,0.8
4221,0.8
1244,0.8
3098,0.8
4073,0.8
3871,0.8
3400,0.8
398,0.8
4735,0.8
71,0.8
2666,0.8
6961,0.8
266,0.8
6492,0.8
6831,0.8
862,0.8
817,0.8
5441,0.8
136,0.8
3763,0.8
4440,0.8
7054,0.8
7087,0.8
5703,0.8
5230,0.8
6633,0.8
911,0.8
2888,0.8
6265,0.8
6466,0.8
214,0.8
5885,0.8
3593,0.8
6375,0.8
685,0.8
1241,0.8
3879,0.8
3012,0.8
6991,0.8
858,0.8
4430,0.8
1435,0.8
2974,0.8
2937,0.8
4747,0.8
1111,0.8
7000,0.8
6722,0.8
5233,0.8
4110,0.8
6767,0.8
2988,0.8
5577,0.8
989,0.8
2825,0.8
4473,0.8
1358,0.8
3995,0.8
4029,0.8
2729,0.8
5097,0.8
4087,0.8
5503,0.8
2841,0.8
1370,0.8
3274,0.8
803,0.8
1538,0.8
4868,0.8
1355,0.8
1704,0.8
5068,0.8
4100,0.8
505,0.8
5550,0.8
4663,0.8
6799,0.8
1200,0.8
477,0.8
6558,0.8
1755,0.8
6668,0.8
5096,0.8
2802,0.8
84,0.8
6261,0.8
709,0.8
6192,0.8
5784,0.8
1004,0.8
6203,0.8
1941,0.8
1081,0.8
6578,0.8
603,0.8
2008,0.8
6736,0.8
358,0.8
5103,0.8
79,0.8
4564,0.8
1963,0.8
6680,0.8
1943,0.8
3821,0.8
187,0.8
3015,0.8
2061,0.8
848,0.8
171,0.8
1909,0.8
1335,0.8
6625,0.8
3262,0.8
2232,0.8
2800,0.8
3318,0.8
4413,0.8
5024,0.8
6021,0.8
3366,0.8
6756,0.8
3815,0.8
1510,0.8
4772,0.8
1527,0.8
3742,0.8
4179,0.8
4906,0.8
1574,0.8
359,0.8
1756,0.8
4922,0.8
2294,0.8
2089,0.8
145,0.8
3781,0.8
1766,0.8
3328,0.8
5343,0.8
6499,0.8
3765,0.8
1659,0.8
7174,0.8
1020,0.8
7097,0.8
157,0.8
3671,0.8
5660,0.8
2994,0.8
6956,0.8
419,0.8
3442,0.8
3764,0.8
182,0.8
1572,0.8
3132,0.8
2092,0.8
345,0.8
4950,0.8
6710,0.8
4399,0.8
6704,0.8
3237,0.8
2280,0.8
6860,0.8
1282,0.8
840,0.8
975,0.8
5093,0.8
594,0.8
7287,0.8
2603,0.8
6087,0.8
6839,0.8
7397,0.8
5831,0.8
1722,0.8
3716,0.8
2874,0.8
1695,0.8
2063,0.8
5834,0.8
555,0.8
1855,0.8
1280,0.8
2458,0.8
790,0.8
6798,0.8
179,0.8
4299,0.8
4728,0.8
3133,0.8
1844,0.8
5066,0.8
7211,0.8
513,0.8
258,0.8
4375,0.8
4463,0.8
7143,0.8
3657,0.8
7083,0.8
4175,0.8
375,0.8
1525,0.8
3804,0.8
254,0.8
4961,0.8
2832,0.8
1149,0.8
4552,0.8
5085,0.8
914,0.8
867,0.8
4167,0.8
4426,0.8
5852,0.8
6170,0.8
6800,0.8
6248,0.8
4924,0.8
2768,0.8
1802,0.8
777,0.8
4128,0.8
5636,0.8
7115,0.8
3949,0.8
1913,0.8
1878,0.8
595,0.8
1980,0.8
5371,0.8
4582,0.8
1399,0.8
1955,0.8
1725,0.8
1187,0.8
6869,0.8
1998,0.8
495,0.8
61,0.8
6028,0.8
5061,0.8
5877,0.8
3467,0.8
1839,0.8
5243,0.8
3178,0.8
4293,0.8
4201,0.8
5582,0.8
6383,0.8
851,0.8
1787,0.8
6588,0.8
355,0.8
7028,0.8
4730,0.8
3731,0.8
976,0.8
5259,0.8
6790,0.8
6771,0.8
5211,0.8
2183,0.8
2671,0.8
1498,0.8
6729,0.8
6077,0.8
543,0.8
497,0.8
6921,0.8
7355,0.8
5904,0.8
993,0.8
7217,0.8
4398,0.8
5539,0.8
5906,0.8
1386,0.8
4680,0.8
2390,0.8
440,0.8
5676,0.8
176,0.8
1724,0.8
4491,0.8
3789,0.8
4186,0.8
2371,0.8
3592,0.8
2763,0.8
5422,0.8
5559,0.8
4499,0.8
1281,0.8
4260,0.8
3623,0.8
6982,0.8
6971,0.8
5533,0.8
1709,0.8
4306,0.8
5487,0.8
5325,0.8
4381,0.8
6646,0.8
3048,0.8
1858,0.8
1618,0.8
2427,0.8
2745,0.8
1828,0.8
7403,0.8
1533,0.8
50,0.8
5647,0.8
2120,0.8
5177,0.8
6181,0.8
1526,0.8
3791,0.8
2352,0.8
5512,0.8
940,0.8
1012,0.8
5340,0.8
2258,0.8
1476,0.8
6249,0.8
3433,0.8
1507,0.8
3417,0.8
5612,0.8
3674,0.8
4040,0.8
3337,0.8
4634,0.8
1122,0.8
3347,0.8
2306,0.8
581,0.8
1034,0.8
1593,0.8
1326,0.8
6667,0.8
3988,0.8
1815,0.8
5555,0.8
6969,0.8
3046,0.8
5811,0.8
218,0.8
7171,0.8
1246,0.8
2009,0.8
2905,0.8
7331,0.8
7282,0.8
6468,0.8
6012,0.8
2622,0.8
6337,0.8
879,0.8
7092,0.8
3395,0.8
2837,0.8
1976,0.8
4831,0.8
3284,0.8
2342,0.8
4771,0.8
3052,0.8
4788,0.8
2070,0.8
3875,0.8
3160,0.8
4307,0.8
7320,0.8
6548,0.8
2757,0.8
2629,0.8
5386,0.8
6467,0.8
2406,0.8
5874,0.8
6232,0.8
2426,0.8
2102,0.8
1660,0.8
5021,0.8
6902,0.8
6341,0.8
2484,0.8
1920,0.8
6597,0.8
1017,0.8
6817,0.8
144,0.8
7366,0.8
4825,0.8
2499,0.8
6962,0.8
1517,0.8
2932,0.8
2056,0.8
4546,0.8
95,0.8
3219,0.8
3847,0.8
6193,0.8
2318,0.8
5930,0.8
5130,0.8
5036,0.8
289,0.8
2975,0.8
4931,0.8
640,0.8
7133,0.8
1797,0.8
6393,0.8
1577,0.8
1207,0.8
1824,0.8
5602,0.8
4177,0.8
4966,0.8
2048,0.8
1293,0.8
4380,0.8
4927,0.8
6918,0.8
7179,0.8
7234,0.8
4242,0.8
3946,0.8
4417,0.8
5808,0.8
5597,0.8
5815,0.8
6236,0.8
3588,0.8
1189,0.8
2908,0.8
1398,0.8
7405,0.8
1808,0.8
920,0.8
3570,0.8
5232,0.8
2592,0.8
4573,0.8
5136,0.8
5065,0.8
4355,0.8
5456,0.8
1264,0.8
1887,0.8
4592,0.8
3745,0.8
6362,0.8
1603,0.8
3314,0.8
4608,0.8
4190,0.8
1489,0.8
100,0.8
5655,0.8
1994,0.8
1491,0.8
4357,0.8
4095,0.8
2952,0.8
1692,0.8
4157,0.8
5249,0.8
4497,0.8
935,0.8
7315,0.8
2674,0.8
6182,0.8
22,0.8
4722,0.8
3427,0.8
6620,0.8
1906,0.8
2658,0.8
410,0.8
4441,0.8
274,0.8
5590,0.8
4199,0.8
4879,0.8
5939,0.8
2131,0.8
1794,0.8
4997,0.8
5146,0.8
7399,0.8
5258,0.8
7195,0.8
6259,0.8
2583,0.8
2332,0.8
5328,0.8
5180,0.8
6955,0.8
5848,0.8
6253,0.8
1805,0.8
3378,0.8
2228,0.8
7075,0.8
4607,0.8
3890,0.8
3126,0.8
1415,0.8
6858,0.8
6611,0.8
1516,0.8
3017,0.8
2683,0.8
4122,0.8
7396,0.8
5603,0.8
6371,0.8
3208,0.8
6719,0.8
7373,0.8
6747,0.8
7353,0.8
1465,0.8
4428,0.8
3019,0.8
7358,0.8
4917,0.8
6761,0.8
3862,0.8
3562,0.8
2450,0.8
2610,0.8
3443,0.8
3489,0.8
4650,0.8
2601,0.8
1741,0.8
3793,0.8
6830,0.8
1292,0.8
5196,0.8
5159,0.8
5163,0.8
1691,0.8
5023,0.8
1438,0.8
6125,0.8
6074,0.8
6511,0.8
706,0.8
757,0.8
2838,0.8
1900,0.8
3647,0.8
173,0.8
6590,0.8
6336,0.8
7134,0.8
6079,0.8
3779,0.8
1296,0.8
6665,0.8
1944,0.8
6791,0.8
5382,0.8
3311,0.8
4008,0.8
4054,0.8
7196,0.8
6503,0.8
3635,0.8
1023,0.8
2016,0.8
1243,0.8
2348,0.8
3582,0.8
1635,0.8
3414,0.8
3750,0.8
4724,0.8
3422,0.8
4408,0.8
1225,0.8
5706,0.8
6085,0.8
3493,0.8
409,0.8
1768,0.8
1104,0.8
4721,0.8
4662,0.8
1595,0.8
5787,0.8
7047,0.8
5641,0.8
4614,0.8
6677,0.8
1125,0.8
3952,0.8
4952,0.8
6864,0.8
4892,0.8
7280,0.8
6772,0.8
4202,0.8
672,0.8
6815,0.8
5013,0.8
1781,0.8
6445,0.8
5511,0.8
535,0.8
6065,0.8
427,0.8
3297,0.8
2973,0.8
2208,0.8
2815,0.8
5477,0.8
3000,0.8
3625,0.8
330,0.8
7308,0.8
5622,0.8
3419,0.8
7231,0.8
449,0.8
4271,0.8
374,0.8
991,0.8
1262,0.8
2884,0.8
4677,0.8
1352,0.8
3076,0.8
3860,0.8
2187,0.8
5999,0.8
4541,0.8
5318,0.8
901,0.8
1351,0.8
1782,0.8
2739,0.8
6953,0.8
3491,0.8
6014,0.8
5894,0.8
3009,0.8
2196,0.8
2749,0.8
6133,0.8
275,0.8
4085,0.8
500,0.8
4379,0.8
81,0.8
897,0.8
5167,0.8
2264,0.8
4737,0.8
3723,0.8
4729,0.8
3728,0.8
6531,0.8
2576,0.8
1945,0.8
7244,0.8
1132,0.8
7401,0.8
55,0.8
6613,0.8
4664,0.8
980,0.8
7351,0.8
6106,0.8
5362,0.8
6960,0.8
5057,0.8
6504,0.8
2336,0.8
5081,0.8
448,0.8
7020,0.8
856,0.8
2127,0.8
3982,0.8
5303,0.8
850,0.8
6928,0.8
2034,0.8
5338,0.8
1885,0.8
5793,0.8
2898,0.8
6453,0.8
4532,0.8
3729,0.8
5908,0.8
2900,0.8
7073,0.8
7309,0.8
3478,0.8
4709,0.8
3958,0.8
3650,0.8
2721,0.8
4859,0.8
4658,0.8
1182,0.8
2578,0.8
885,0.8
5892,0.8
4012,0.8
2828,0.8
4562,0.8
7038,0.8
7299,0.8
5250,0.8
2588,0.8
5992,0.8
424,0.8
6390,0.8
4985,0.8
6757,0.8
1874,0.8
1707,0.8
4925,0.8
1274,0.8
411,0.8
4761,0.8
4455,0.8
99,0.8
4603,0.8
1238,0.8
3527,0.8
1940,0.8
1513,0.8
4496,0.8
189,0.8
4913,0.8
4979,0.8
6952,0.8
4558,0.8
2824,0.8
1893,0.8
1792,0.8
6882,0.8
3499,0.8
2670,0.8
2085,0.8
2574,0.8
1068,0.8
3587,0.8
259,0.8
4098,0.8
6533,0.8
3415,0.8
371,0.8
1851,0.8
1931,0.8
1917,0.8
1942,0.8
5315,0.8
889,0.8
3008,0.8
2934,0.8
422,0.8
4107,0.8
4495,0.8
1868,0.8
4842,0.8
3703,0.8
2797,0.8
6642,0.8
1932,0.8
6542,0.8
4822,0.8
827,0.8
6086,0.8
5681,0.8
5940,0.8
4898,0.8
2877,0.8
4827,0.8
2502,0.8
3566,0.8
6413,0.8
992,0.8
4648,0.8
7246,0.8
2827,0.8
5573,0.8
4480,0.8
3517,0.8
5014,0.8
6932,0.8
3035,0.8
877,0.8
2600,0.8
1548,0.8
801,0.8
3170,0.8
7354,0.8
4504,0.8
5502,0.8
1300,0.8
5560,0.8
3043,0.8
6300,0.8
431,0.8
5003,0.8
1143,0.8
4837,0.8
6576,0.8
1542,0.8
5966,0.8
4189,0.8
3704,0.8
808,0.8
5628,0.8
3260,0.8
5524,0.8
6905,0.8
4605,0.8
4412,0.8
1100,0.8
3646,0.8
3055,0.8
2924,0.8
1594,0.8
4951,0.8
3898,0.8
6097,0.8
4185,0.8
4566,0.8
2591,0.8
2903,0.8
408,0.8
7216,0.8
2625,0.8
1312,0.8
3263,0.8
2338,0.8
4690,0.8
1583,0.8
3931,0.8
6414,0.8
3925,0.8
6296,0.8
1163,0.8
5707,0.8
861,0.8
2219,0.8
2862,0.8
1845,0.8
1677,0.8
7365,0.8
1720,0.8
68,0.8
3922,0.8
3734,0.8
2981,0.8
2082,0.8
320,0.8
6927,0.8
5507,0.8
637,0.8
948,0.8
1426,0.8
2145,0.8
73,0.8
6941,0.8
1046,0.8
4877,0.8
4335,0.8
2568,0.8
1468,0.8
2517,0.8
6557,0.8
2326,0.8
6821,0.8
3384,0.8
4180,0.8
279,0.8
4158,0.8
6130,0.8
156,0.8
3023,0.8
3802,0.8
4230,0.8
1970,0.8
5296,0.8
7293,0.8
5162,0.8
3471,0.8
6088,0.8
4955,0.8
2309,0.8
4556,0.8
2571,0.8
6176,0.8
5621,0.8
6443,0.8
3639,0.8
5648,0.8
3973,0.8
1705,0.8
1375,0.8
6135,0.8
4691,0.8
1367,0.8
1436,0.8
180,0.8
5830,0.8
2751,0.8
5882,0.8
2317,0.8
7172,0.8
4599,0.8
2679,0.8
853,0.8
7127,0.8
1674,0.8
2708,0.8
960,0.8
4758,0.8
4920,0.8
4388,0.8
1685,0.8
1911,0.8
1776,0.8
6866,0.8
3275,0.8
5400,0.8
4206,0.8
3981,0.8
5346,0.8
2159,0.8
4850,0.8
240,0.8
1322,0.8
347,0.8
4339,0.8
2786,0.8
2305,0.8
2298,0.8
4939,0.8
7261,0.8
1049,0.8
7262,0.8
4464,0.8
190,0.8
4465,0.8
1265,0.8
5820,0.8
6017,0.8
2646,0.8
3993,0.8
5092,0.8
46,0.8
5675,0.8
4442,0.8
2335,0.8
5031,0.8
4519,0.8
1025,0.8
3020,0.8
4712,0.8
2303,0.8
2738,0.8
1621,0.8
4615,0.8
3281,0.8
5537,0.8
2087,0.8
3827,0.8
1324,0.8
3333,0.8
6351,0.8
7251,0.8
4143,0.8
1836,0.8
5652,0.8
1544,0.8
1796,0.8
3743,0.8
1323,0.8
1540,0.8
60,0.8
2787,0.8
3211,0.8
394,0.8
532,0.8
5851,0.8
641,0.8
2495,0.8
153,0.8
878,0.8
6385,0.8
6301,0.8
6943,0.8
5839,0.8
2806,0.8
3819,0.8
494,0.8
2664,0.8
5044,0.8
1501,0.8
3555,0.8
4660,0.8
2846,0.8
5617,0.8
3110,0.8
6405,0.8
4109,0.8
372,0.8
4643,0.8
3668,0.8
2140,0.8
6277,0.8
2780,0.8
2715,0.8
5141,0.8
1117,0.8
4275,0.8
1568,0.8
1204,0.8
5549,0.8
256,0.8
4216,0.8
6786,0.8
6244,0.8
5354,0.8
3861,0.8
1197,0.8
5415,0.8
2284,0.8
7303,0.8
530,0.8
6752,0.8
2777,0.8
4168,0.8
4593,0.8
1142,0.8
4834,0.8
2213,0.8
250,0.8
5666,0.8
183,0.8
6186,0.8
1536,0.8
2598,0.8
7264,0.8
3531,0.8
2411,0.8
1480,0.8
2700,0.8
4518,0.8
6117,0.8
4665,0.8
2051,0.8
6399,0.8
3371,0.8
5485,0.8
1167,0.8
5837,0.8
3766,0.8
5859,0.8
2863,0.8
6116,0.8
5608,0.8
6833,0.8
1319,0.8
7096,0.8
1016,0.8
3648,0.8
7250,0.8
5109,0.8
4563,0.8
5383,0.8
6335,0.8
3440,0.8
4313,0.8
1977,0.8
5618,0.8
1329,0.8
6873,0.8
6584,0.8
4567,0.8
4565,0.8
5844,0.8
4792,0.8
6549,0.8
4462,0.8
3585,0.8
1719,0.8
7278,0.8
4659,0.8
2295,0.2
6344,0.2
2557,0.2
5686,0.2
1860,0.2
2340,0.2
1090,0.2
5957,0.2
18,0.2
6462,0.2
391,0.2
4627,0.2
6742,0.2
1071,0.2
5951,0.2
1831,0.2
781,0.2
3500,0.2
6651,0.2
112,0.2
2893,0.2
3535,0.2
5996,0.2
4048,0.2
6785,0.2
3457,0.2
5453,0.2
6008,0.2
826,0.2
2744,0.2
400,0.2
6600,0.2
33,0.2
563,0.2
634,0.2
5755,0.2
488,0.2
6305,0.2
5743,0.2
1452,0.2
923,0.2
6450,0.2
5034,0.2
3149,0.2
6846,0.2
5390,0.2
3934,0.2
7,0.2
5333,0.2
201,0.2
6442,0.2
3059,0.2
2695,0.2
6406,0.2
3976,0.2
4116,0.2
717,0.2
2742,0.2
1402,0.2
582,0.2
4701,0.2
510,0.2
47,0.2
1307,0.2
3129,0.2
547,0.2
5397,0.2
772,0.2
484,0.2
3561,0.2
5001,0.2
6847,0.2
6449,0.2
2027,0.2
2367,0.2
578,0.2
4354,0.2
7340,0.2
1077,0.2
2902,0.2
3066,0.2
1833,0.2
6061,0.2
2154,0.2
5304,0.2
6518,0.2
615,0.2
5724,0.2
7100,0.2
7049,0.2
6056,0.2
3092,0.2
3899,0.2
2161,0.2
28,0.2
5749,0.2
5683,0.2
1276,0.2
5265,0.2
6210,0.2
31,0.2
6652,0.2
6659,0.2
776,0.2
2694,0.2
5730,0.2
4034,0.2
7147,0.2
4630,0.2
2894,0.2
632,0.2
681,0.2
5759,0.2
1443,0.2
3258,0.2
7306,0.2
6309,0.2
5218,0.2
124,0.2
6661,0.2
613,0.2
479,0.2
2432,0.2
1863,0.2
287,0.2
399,0.2
5427,0.2
5289,0.2
4998,0.2
6516,0.2
5280,0.2
2214,0.2
3103,0.2
3091,0.2
5800,0.2
570,0.2
203,0.2
6472,0.2
3759,0.2
3177,0.2
5313,0.2
625,0.2
5692,0.2
4719,0.2
4812,0.2
566,0.2
4148,0.2
1099,0.2
4992,0.2
5279,0.2
7411,0.2
6513,0.2
2455,0.2
4642,0.2
738,0.2
3073,0.2
1456,0.2
6051,0.2
487,0.2
7006,0.2
2269,0.2
6036,0.2
2177,0.2
7121,0.2
5998,0.2
3163,0.2
6740,0.2
486,0.2
4840,0.2
2241,0.2
5752,0.2
7003,0.2
161,0.2
5480,0.2
2374,0.2
3,0.2
3910,0.2
27,0.2
6637,0.2
539,0.2
2289,0.2
3537,0.2
3242,0.2
2250,0.2
3085,0.2
2430,0.2
2474,0.2
2356,0.2
1337,0.2
5260,0.2
5226,0.2
646,0.2
5742,0.2
1760,0.2
577,0.2
4550,0.2
562,0.2
5771,0.2
2281,0.2
2548,0.2
3496,0.2
707,0.2
2969,0.2
3794,0.2
4649,0.2
1458,0.2
6660,0.2
5425,0.2
1825,0.2
5565,0.2
1080,0.2
4047,0.2
3330,0.2
4067,0.2
5750,0.2
159,0.2
1047,0.2
4990,0.2
7408,0.2
5689,0.2
5962,0.2
4036,0.2
3181,0.2
6328,0.2
3165,0.2
2737,0.2
2421,0.2
4136,0.2
5732,0.2
4710,0.2
4121,0.2
2028,0.2
6287,0.2
5914,0.2
5035,0.2
4619,0.2
3539,0.2
5729,0.2
2227,0.2
2254,0.2
5783,0.2
3811,0.2
4225,0.2
457,0.2
6653,0.2
1092,0.2
3839,0.2
3100,0.2
4547,0.2
5452,0.2
3116,0.2
8,0.2
6219,0.2
5747,0.2
2736,0.2
2549,0.2
2007,0.2
5026,0.2
1298,0.2
5330,0.2
5719,0.2
2243,0.2
3837,0.2
1311,0.2
5510,0.2
2136,0.2
4632,0.2
4064,0.2
5954,0.2
3456,0.2
26,0.2
2850,0.2
2225,0.2
732,0.2
3202,0.2
5738,0.2
6317,0.2
7023,0.2
6059,0.2
4813,0.2
4624,0.2
1054,0.2
6841,0.2
4068,0.2
5447,0.2
133,0.2
309,0.2
6471,0.2
492,0.2
2704,0.2
6425,0.2
724,0.2
3227,0.2
5780,0.2
3508,0.2
701,0.2
1105,0.2
2015,0.2
2150,0.2
3118,0.2
1240,0.2
2626,0.2
4089,0.2
5478,0.2
2245,0.2
1310,0.2
928,0.2
2956,0.2
2743,0.2
4115,0.2
5727,0.2
536,0.2
800,0.2
4030,0.2
5446,0.2
7132,0.2
2436,0.2
846,0.2
4033,0.2
6658,0.2
5220,0.2
4146,0.2
7015,0.2
2970,0.2
6306,0.2
5735,0.2
561,0.2
3139,0.2
42,0.2
645,0.2
7305,0.2
6437,0.2
1448,0.2
9,0.2
4133,0.2
5972,0.2
4942,0.2
491,0.2
2024,0.2
1112,0.2
4800,0.2
170,0.2
2195,0.2
5394,0.2
2353,0.2
832,0.2
5711,0.2
3213,0.2
1455,0.2
2180,0.2
6500,0.2
3504,0.2
5764,0.2
4050,0.2
3078,0.2
1835,0.2
6451,0.2
2648,0.2
2954,0.2
6650,0.2
624,0.2
116,0.2
3167,0.2
4986,0.2
36,0.2
5741,0.2
3833,0.2
204,0.2
2447,0.2
4038,0.2
544,0.2
3238,0.2
1212,0.2
6654,0.2
7008,0.2
2143,0.2
5272,0.2
930,0.2
5909,0.2
7191,0.2
5395,0.2
711,0.2
1051,0.2
5671,0.2
57,0.2
6411,0.2
4264,0.2
6554,0.2
6517,0.2
687,0.2
110,0.2
3114,0.2
6547,0.2
312,0.2
401,0.2
2176,0.2
5922,0.2
3266,0.2
4628,0.2
2657,0.2
4644,0.2
1865,0.2
4811,0.2
5336,0.2
314,0.2
6562,0.2
2263,0.2
3368,0.2
4263,0.2
774,0.2
195,0.2
6226,0.2
3790,0.2
5763,0.2
2439,0.2
2204,0.2
109,0.2
6310,0.2
3151,0.2
3461,0.2
6320,0.2
5184,0.2
30,0.2
7123,0.2
6228,0.2
6002,0.2
5227,0.2
630,0.2
2148,0.2
196,0.2
2958,0.2
311,0.2
4862,0.2
3370,0.2
6489,0.2
2647,0.2
121,0.2
6541,0.2
3560,0.2
2541,0.2
1079,0.2
1235,0.2
3193,0.2
1067,0.2
5286,0.2
4352,0.2
6806,0.2
7410,0.2
2323,0.2
515,0.2
697,0.2
3134,0.2
1045,0.2
5779,0.2
6446,0.2
2556,0.2
682,0.2
684,0.2
2354,0.2
2539,0.2
2259,0.2
1065,0.2
5399,0.2
2662,0.2
4127,0.2
2279,0.2
2203,0.2
5295,0.2
131,0.2
2212,0.2
6423,0.2
1110,0.2
4075,0.2
2033,0.2
818,0.2
5778,0.2
1403,0.2
3309,0.2
6311,0.2
3398,0.2
6463,0.2
3516,0.2
5739,0.2
5403,0.2
5761,0.2
3897,0.2
4024,0.2
362,0.2
3254,0.2
2277,0.2
456,0.2
402,0.2
2460,0.2
778,0.2
6743,0.2
783,0.2
5712,0.2
752,0.2
2216,0.2
695,0.2
6458,0.2
6535,0.2
3941,0.2
5733,0.2
2968,0.2
3209,0.2
7093,0.2
343,0.2
3063,0.2
2229,0.2
5309,0.2
6403,0.2
739,0.2
2431,0.2
5754,0.2
509,0.2
2218,0.2
2876,0.2
32,0.2
3521,0.2
6314,0.2
4683,0.2
3222,0.2
6308,0.2
4077,0.2
4051,0.2
2362,0.2
3207,0.2
3070,0.2
842,0.2
4860,0.2
2291,0.2
694,0.2
3069,0.2
5287,0.2
571,0.2
3157,0.2
2435,0.2
762,0.2
3568,0.2
3121,0.2
4621,0.2
1827,0.2
3155,0.2
2235,0.2
2026,0.2
3772,0.2
807,0.2
5736,0.2
2668,0.2
2546,0.2
517,0.2
5348,0.2
3179,0.2
130,0.2
6225,0.2
2669,0.2
3228,0.2
6426,0.2
2690,0.2
5699,0.2
6045,0.2
5408,0.2
6050,0.2
764,0.2
6356,0.2
5715,0.2
2200,0.2
3199,0.2
1625,0.2
5901,0.2
5799,0.2
2423,0.2
3523,0.2
2201,0.2
3838,0.2
6000,0.2
5758,0.2
1449,0.2
5728,0.2
1409,0.2
2319,0.2
453,0.2
2267,0.2
6480,0.2
1102,0.2
4267,0.2
4544,0.2
1867,0.2
662,0.2
653,0.2
5268,0.2
2035,0.2
2889,0.2
3693,0.2
6421,0.2
4702,0.2
5281,0.2
2137,0.2
2223,0.2
2163,0.2
726,0.2
6402,0.2
4153,0.2
6010,0.2
4074,0.2
5285,0.2
5421,0.2
1948,0.2
3200,0.2
2563,0.2
2287,0.2
4142,0.2
113,0.2
5270,0.2
3533,0.2
1094,0.2
6433,0.2
616,0.2
2,0.2
4150,0.2
4134,0.2
5757,0.2
3696,0.2
2198,0.2
3195,0.2
2870,0.2
5907,0.2
1938,0.2
4131,0.2
5027,0.2
5737,0.2
1758,0.2
4815,0.2
1061,0.2
1271,0.2
2461,0.2
618,0.2
6057,0.2
16,0.2
4046,0.2
5935,0.2
4839,0.2
317,0.2
4994,0.2
647,0.2
6410,0.2
4071,0.2
1953,0.2
824,0.2
648,0.2
4708,0.2
4078,0.2
3319,0.2
6307,0.2
3507,0.2
1108,0.2
3812,0.2
3699,0.2
5773,0.2
631,0.2
3803,0.2
1956,0.2
5767,0.2
3125,0.2
5740,0.2
816,0.2
4987,0.2
5669,0.2
6744,0.2
3324,0.2
689,0.2
1179,0.2
886,0.2
7089,0.2
5411,0.2
4113,0.2
760,0.2
1450,0.2
2417,0.2
3095,0.2
3112,0.2
3153,0.2
127,0.2
1302,0.2
1277,0.2
3532,0.2
3388,0.2
4081,0.2
6063,0.2
3316,0.2
3123,0.2
2444,0.2
7404,0.2
6331,0.2
2021,0.2
2273,0.2
3104,0.2
3777,0.2
2134,0.2
3459,0.2
489,0.2
4620,0.2
5406,0.2
558,0.2
5002,0.2
5981,0.2
5959,0.2
3528,0.2
2547,0.2
2554,0.2
2964,0.2
6538,0.2
450,0.2
2543,0.2
6476,0.2
2135,0.2
2449,0.2
6543,0.2
2415,0.2
3303,0.2
6656,0.2
699,0.2
6429,0.2
2553,0.2
713,0.2
1875,0.2
6655,0.2
2875,0.2
5781,0.2
6544,0.2
2653,0.2
2422,0.2
6322,0.2
5670,0.2
3084,0.2
5401,0.2
737,0.2
5929,0.2
1275,0.2
4027,0.2
3842,0.2
1937,0.2
4254,0.2
2555,0.2
5971,0.2
4810,0.2
2265,0.2
2017,0.2
6060,0.2
5777,0.2
1109,0.2
6805,0.2
834,0.2
6551,0.2
6346,0.2
1866,0.2
6488,0.2
5762,0.2
599,0.2
2186,0.2
5416,0.2
2712,0.2
736,0.2
6784,0.2
3267,0.2
5765,0.2
5252,0.2
3141,0.2
887,0.2
4253,0.2
2006,0.2
5924,0.2
315,0.2
6565,0.2
5428,0.2
6556,0.2
785,0.2
2031,0.2
6739,0.2
1340,0.2
3082,0.2
4804,0.2
454,0.2
7398,0.2
3851,0.2
6053,0.2
432,0.2
4256,0.2
5983,0.2
5392,0.2
5734,0.2
2139,0.2
2275,0.2
2871,0.2
7188,0.2
310,0.2
1814,0.2
4076,0.2
5248,0.2
2624,0.2
3769,0.2
5223,0.2
5775,0.2
2468,0.2
2025,0.2
1447,0.2
7409,0.2
3458,0.2
6046,0.2
3300,0.2
7255,0.2
4821,0.2
5007,0.2
5275,0.2
53,0.2
2165,0.2
5918,0.2
754,0.2
4716,0.2
1762,0.2
306,0.2
4063,0.2
5562,0.2
1063,0.2
5976,0.2
6599,0.2
4808,0.2
5718,0.2
5748,0.2
3325,0.2
2252,0.2
360,0.2
2363,0.2
2560,0.2
4124,0.2
3004,0.2
4688,0.2
5267,0.2
6312,0.2
926,0.2
2023,0.2
5722,0.2
4685,0.2
2855,0.2
5751,0.2
5284,0.2
5746,0.2
2357,0.2
5782,0.2
2029,0.2
6319,0.2
1446,0.2
3814,0.2
3083,0.2
393,0.2
3564,0.2
308,0.2
6647,0.2
3771,0.2
2425,0.2
3264,0.2
573,0.2
791,0.2
1069,0.2
316,0.2
4816,0.2
3322,0.2
3529,0.2
37,0.2
286,0.2
6054,0.2
5698,0.2
7402,0.2
5716,0.2
3120,0.2
172,0.2
2565,0.2
1213,0.2
2693,0.2
6434,0.2
5980,0.2
5731,0.2
841,0.2
2370,0.2
34,0.2
502,0.2
6645,0.2
3247,0.2
731,0.2
2207,0.2
2440,0.2
5,0.2
2872,0.2
5955,0.2
6049,0.2
5288,0.2
4080,0.2
5479,0.2
6343,0.2
5693,0.2
6782,0.2
780,0.2
4711,0.2
2261,0.2
480,0.2
2544,0.2
1095,0.2
2358,0.2
2971,0.2
2171,0.2
5993,0.2
2966,0.2
3558,0.2
2951,0.2
2184,0.2
2365,0.2
787,0.2
490,0.2
5308,0.2
44,0.2
205,0.2
6807,0.2
1462,0.2
3792,0.2
478,0.2
2175,0.2
4988,0.2
2537,0.2
3187,0.2
6493,0.2
6321,0.2
2963,0.2
5473,0.2
11,0.2
2101,0.2
3169,0.2
3801,0.2
820,0.2
2152,0.2
4069,0.2
768,0.2
1273,0.2
3248,0.2
703,0.2
7272,0.2
4718,0.2
5745,0.2
2032,0.2
6313,0.2
3138,0.2
3268,0.2
4625,0.2
5219,0.2
789,0.2
7090,0.2
6052,0.2
1759,0.2
2011,0.2
5410,0.2
6506,0.2
884,0.2
1341,0.2
6428,0.2
5311,0.2
4138,0.2
6323,0.2
4021,0.2
2248,0.2
197,0.2
6515,0.2
2164,0.2
2849,0.2
828,0.2
6470,0.2
4706,0.2
7130,0.2
3191,0.2
3096,0.2
5710,0.2
3336,0.2
3502,0.2
6325,0.2
6315,0.2
1923,0.2
5015,0.2
3086,0.2
4548,0.2
6564,0.2
2771,0.2
633,0.2
361,0.2
712,0.2
1457,0.2
3080,0.2
1410,0.2
3183,0.2
504,0.2
1870,0.2
5228,0.2
4545,0.2
5000,0.2
6330,0.2
1620,0.2
1451,0.2
3797,0.2
1088,0.2
5032,0.2
3758,0.2
106,0.2
2967,0.2
5721,0.2
5770,0.2
6438,0.2
25,0.2
1075,0.2
5420,0.2
4125,0.2
3387,0.2
6352,0.2
2965,0.2
2453,0.2
6546,0.2
5471,0.2
583,0.2
5224,0.2
4042,0.2
794,0.2
2246,0.2
6552,0.2
2536,0.2
4154,0.2
5006,0.2
6329,0.2
7182,0.2
3518,0.2
6473,0.2
5753,0.2
6326,0.2
2853,0.2
2856,0.2
4645,0.2
2285,0.2
802,0.2
3900,0.2
5033,0.2
5807,0.2
7339,0.2
485,0.2
165,0.2
2652,0.2
5684,0.2
3171,0.2
6354,0.2
4147,0.2
3556,0.2
4353,0.2
3252,0.2
3755,0.2
2237,0.2
512,0.2
750,0.2
2433,0.2
3111,0.2
3323,0.2
542,0.2
4941,0.2
3099,0.2
6596,0.2
6550,0.2
7406,0.2
2293,0.2
3265,0.2
4351,0.2
5282,0.2
716,0.2
39,0.2
1214,0.2
559,0.2
693,0.2
1082,0.2
667,0.2
5991,0.2
1813,0.2
5418,0.2
24,0.2
2465,0.2
459,0.2
629,0.2
2706,0.2
3131,0.2
1627,0.2
4700,0.2
809,0.2
1295,0.2
54,0.2
6347,0.2
2375,0.2
2366,0.2
1862,0.2
5912,0.2
5429,0.2
1460,0.2
3223,0.2
660,0.2
2361,0.2
3136,0.2
3805,0.2
6454,0.2
12,0.2
4037,0.2
3867,0.2
1437,0.2
1952,0.2
822,0.2
2661,0.2
1301,0.2
6058,0.2
4801,0.2
1444,0.2
3212,0.2
3173,0.2
5222,0.2
740,0.2
4993,0.2
4622,0.2
7412,0.2
2550,0.2
5801,0.2
2955,0.2
1084,0.2
1558,0.2
5988,0.2
4647,0.2
1459,0.2
2239,0.2
7307,0.2
5672,0.2
2948,0.2
435,0.2
3224,0.2
1073,0.2
2283,0.2
805,0.2
932,0.2
680,0.2
3460,0.2
5387,0.2
1584,0.2
5225,0.2
5564,0.2
3512,0.2
679,0.2
2691,0.2
3762,0.2
6055,0.2
2551,0.2
2540,0.2
5004,0.2
2364,0.2
4093,0.2
7342,0.2
5331,0.2
658,0.2
5956,0.2
2434,0.2
5726,0.2
798,0.2
493,0.2
2682,0.2
1557,0.2
3220,0.2
6212,0.2
2960,0.2
2558,0.2
3836,0.2
3317,0.2
5423,0.2
6304,0.2
4065,0.2
5183,0.2
4348,0.2
6040,0.2
4991,0.2
4086,0.2
4640,0.2
6505,0.2
5312,0.2
5009,0.2
5717,0.2
564,0.2
3204,0.2
4996,0.2
6048,0.2
678,0.2
2141,0.2
1624,0.2
6332,0.2
2959,0.2
6491,0.2
715,0.2
2231,0.2
364,0.2
3061,0.2
2210,0.2
5028,0.2
838,0.2
2271,0.2
655,0.2
766,0.2
4257,0.2
3189,0.2
2774,0.2
237,0.2
6502,0.2
5277,0.2
2013,0.2
644,0.2
5760,0.2
4062,0.2
830,0.2
814,0.2
6663,0.2
3510,0.2
5934,0.2
4807,0.2
4120,0.2
1338,0.2
3335,0.2
2542,0.2
1442,0.2
4695,0.2
569,0.2
4626,0.2
3498,0.2
2623,0.2
5714,0.2
2209,0.2
2697,0.2
2162,0.2
4044,0.2
3143,0.2
4140,0.2
2146,0.2
4028,0.2
7004,0.2
6220,0.2
2848,0.2
3197,0.2
1107,0.2
5970,0.2
6333,0.2
6598,0.2
3216,0.2
167,0.2
2355,0.2
2325,0.2
6224,0.2
5700,0.2
2257,0.2
6035,0.2
1181,0.2
1180,0.2
3058,0.2
2953,0.2
5029,0.2
5756,0.2
4705,0.2
3074,0.2
2147,0.2
3159,0.2
3554,0.2
1086,0.2
5768,0.2
572,0.2
1305,0.2
7082,0.2
2847,0.2
3756,0.2
1059,0.2
3799,0.2
718,0.2
7007,0.2
5720,0.2
2545,0.2
3454,0.2
6444,0.2
3525,0.2
4704,0.2
1861,0.2
5772,0.2
2538,0.2
4152,0.2
748,0.2
5713,0.2
2191,0.2
3315,0.2
3257,0.2
6064,0.2
4703,0.2
5705,0.2
7378,0.2
118,0.2
4798,0.2
2181,0.2
1445,0.2
1097,0.2
5776,0.2
4043,0.2
6479,0.2
4082,0.2
5413,0.2
6561,0.2
3334,0.2
3147,0.2
2233,0.2
3840,0.2
2957,0.2
7190,0.2
804,0.2
5688,0.2
4802,0.2
2452,0.2
6327,0.2
4989,0.2
4686,0.2
5448,0.2
6318,0.2
584,0.2
3514,0.2
3299,0.2
2650,0.2
4707,0.2
6418,0.2
7377,0.2
5769,0.2
6723,0.2
2667,0.2
5030,0.2
4066,0.2
5470,0.2
7005,0.2
5685,0.2
3565,0.2
2686,0.2
6441,0.2
3950,0.2
4373,0.2
2469,0.2
666,0.2
708,0.2
35,0.2
2437,0.2
1174,0.2
1946,0.2
2972,0.2
318,0.2
166,0.2
5725,0.2
344,0.2
746,0.2
38,0.2
1306,0.2
2022,0.2
3807,0.2
392,0.2
1947,0.2
2188,0.2
5744,0.2
2564,0.2
4623,0.2
812,0.2
5810,0.2
7379,0.2
5953,0.2
5261,0.2
6514,0.2
3185,0.2
5905,0.2
3145,0.2
3175,0.2
604,0.2
3218,0.2
2360,0.2
1453,0.2
5278,0.2
6350,0.2
756,0.2
4262,0.2
3127,0.2
2961,0.2
6459,0.2
2562,0.2
6783,0.2
363,0.2
5454,0.2
1829,0.2
758,0.2
5283,0.2
6657,0.2
6487,0.2
575,0.2
2552,0.2
5766,0.2
4114,0.2
5723,0.2
6455,0.2
5952,0.2
6062,0.2
395,0.2
3321,0.2
1454,0.2
2442,0.2
580,0.2
3935,0.2
2446,0.2
14,0.2
5958,0.2
1461,0.2
845,0.2
4814,0.2
728,0.2
1170,0.2
3835,0.2
2892,0.2
2172,0.2
6512,0.2
735,0.2
5989,0.2
4629,0.2
2962,0.2
4079,0.2
3697,0.2
0,0.2
5982,0.2
2327,0.2
7024,0.2
3272,0.2
4061,0.2
626,0.2
6475,0.2
5465,0.2
2418,0.2
6843,0.2
4817,0.2
5305,0.2
770,0.2
4618,0.2
2443,0.2
5975,0.2
483,0.2
3113,0.2
1556,0.2
5221,0.2
6802,0.2
3852,0.2
837,0.2
4035,0.2
2221,0.2
1954,0.2
6419,0.2
5774,0.2
2359,0.2
2193,0.2
2149,0.2
6845,0.2
6316,0.2
3239,0.2
628,0.2
1936,0.2
1056,0.2
4144,0.2
2559,0.2
2561,0.2
4123,0.2
3161,0.2
2680,0.2
313,0.2
796,0.2
5826,0.2
6213,0.2
6324,0.2
29,0.2
6217,0.2
